UnitCount,RedPolicy,BluePolicy,Seed,Result
20,0,0,16058,BlueWin
20,0,0,24117,BlueWin
20,0,0,32107,RedWin
20,0,0,3888,BlueWin
20,0,0,8881,BlueWin
20,0,0,20265,RedWin
20,0,0,14115,BlueWin
20,0,0,32367,RedWin
20,0,0,23352,BlueWin
20,0,0,26196,RedWin
20,0,0,14905,BlueWin
20,0,0,11376,BlueWin
20,0,0,28942,BlueWin
20,0,0,29632,Draw
20,0,0,22812,BlueWin
20,0,0,28782,BlueWin
20,0,0,19161,RedWin
20,0,0,8188,RedWin
20,0,0,26918,BlueWin
20,0,0,30309,BlueWin
20,0,0,31976,BlueWin
20,0,0,5800,BlueWin
20,0,0,30325,BlueWin
20,0,0,3364,BlueWin
20,0,0,22964,Draw
20,0,0,30669,BlueWin
20,0,0,26645,RedWin
20,0,0,28589,BlueWin
20,0,0,31636,RedWin
20,0,0,15472,RedWin
20,0,0,6744,RedWin
20,0,0,18360,RedWin
20,0,0,7484,BlueWin
20,0,0,30411,RedWin
20,0,0,10712,RedWin
20,0,0,10949,RedWin
20,0,0,8583,RedWin
20,0,0,11603,BlueWin
20,0,0,23524,BlueWin
20,0,0,2322,RedWin
20,0,0,2415,BlueWin
20,0,0,22790,RedWin
20,0,0,12513,RedWin
20,0,0,10968,RedWin
20,0,0,20063,BlueWin
20,0,0,27461,RedWin
20,0,0,9387,RedWin
20,0,0,27843,RedWin
20,0,0,13481,RedWin
20,0,0,23245,BlueWin
20,0,0,24936,BlueWin
20,0,0,32229,RedWin
20,0,0,352,RedWin
20,0,0,26481,BlueWin
20,0,0,26411,BlueWin
20,0,0,18836,BlueWin
20,0,0,15877,BlueWin
20,0,0,28643,BlueWin
20,0,0,23360,RedWin
20,0,0,1542,RedWin
20,0,0,31413,BlueWin
20,0,0,776,RedWin
20,0,0,2272,BlueWin
20,0,0,21858,RedWin
20,0,0,13611,RedWin
20,0,0,13202,BlueWin
20,0,0,27281,BlueWin
20,0,0,25828,RedWin
20,0,0,22836,BlueWin
20,0,0,245,BlueWin
20,0,0,26983,BlueWin
20,0,0,32745,BlueWin
20,0,0,8093,BlueWin
20,0,0,11005,RedWin
20,0,0,29057,BlueWin
20,0,0,27564,RedWin
20,0,0,27845,BlueWin
20,0,0,1593,RedWin
20,0,0,8291,Draw
20,0,0,20811,RedWin
20,0,0,11797,RedWin
20,0,0,27973,RedWin
20,0,0,891,RedWin
20,0,0,2771,Draw
20,0,0,12529,BlueWin
20,0,0,14395,BlueWin
20,0,0,22948,RedWin
20,0,0,22448,Draw
20,0,0,29138,RedWin
20,0,0,16226,Draw
20,0,0,26731,RedWin
20,0,0,26501,RedWin
20,0,0,26129,RedWin
20,0,0,1833,RedWin
20,0,0,5696,BlueWin
20,0,0,25166,BlueWin
20,0,0,31113,RedWin
20,0,0,18677,BlueWin
20,0,0,21894,BlueWin
20,0,0,4055,RedWin
20,0,1,9103,RedWin
20,0,1,15168,Draw
20,0,1,26970,BlueWin
20,0,1,15867,Draw
20,0,1,20160,RedWin
20,0,1,22459,BlueWin
20,0,1,19151,RedWin
20,0,1,24720,RedWin
20,0,1,9014,RedWin
20,0,1,24833,BlueWin
20,0,1,10468,RedWin
20,0,1,11209,BlueWin
20,0,1,8480,RedWin
20,0,1,17999,RedWin
20,0,1,28451,RedWin
20,0,1,32184,RedWin
20,0,1,27163,BlueWin
20,0,1,9870,RedWin
20,0,1,25375,BlueWin
20,0,1,12461,BlueWin
20,0,1,17502,RedWin
20,0,1,4480,BlueWin
20,0,1,32609,BlueWin
20,0,1,19966,RedWin
20,0,1,27951,RedWin
20,0,1,14732,RedWin
20,0,1,10282,BlueWin
20,0,1,4587,BlueWin
20,0,1,2903,RedWin
20,0,1,12998,RedWin
20,0,1,27132,RedWin
20,0,1,15045,BlueWin
20,0,1,5488,BlueWin
20,0,1,29083,RedWin
20,0,1,2128,RedWin
20,0,1,16045,RedWin
20,0,1,25586,RedWin
20,0,1,10504,Draw
20,0,1,95,RedWin
20,0,1,25512,RedWin
20,0,1,11995,RedWin
20,0,1,22487,RedWin
20,0,1,4686,BlueWin
20,0,1,26927,BlueWin
20,0,1,8946,BlueWin
20,0,1,29447,BlueWin
20,0,1,26326,BlueWin
20,0,1,11293,RedWin
20,0,1,15259,BlueWin
20,0,1,32117,BlueWin
20,0,1,10656,BlueWin
20,0,1,31734,RedWin
20,0,1,28163,RedWin
20,0,1,18313,RedWin
20,0,1,6140,BlueWin
20,0,1,9240,BlueWin
20,0,1,21423,RedWin
20,0,1,10406,Draw
20,0,1,12937,BlueWin
20,0,1,24396,RedWin
20,0,1,3698,RedWin
20,0,1,3684,RedWin
20,0,1,1754,BlueWin
20,0,1,32520,RedWin
20,0,1,2744,RedWin
20,0,1,21050,RedWin
20,0,1,3049,RedWin
20,0,1,8634,RedWin
20,0,1,29144,RedWin
20,0,1,10667,RedWin
20,0,1,13256,RedWin
20,0,1,14047,BlueWin
20,0,1,31077,BlueWin
20,0,1,2136,RedWin
20,0,1,390,RedWin
20,0,1,2526,BlueWin
20,0,1,30915,BlueWin
20,0,1,22307,BlueWin
20,0,1,28719,RedWin
20,0,1,19073,RedWin
20,0,1,1751,RedWin
20,0,1,14175,RedWin
20,0,1,18031,RedWin
20,0,1,14970,BlueWin
20,0,1,14830,BlueWin
20,0,1,16087,RedWin
20,0,1,18740,RedWin
20,0,1,31364,BlueWin
20,0,1,7719,RedWin
20,0,1,7229,RedWin
20,0,1,5790,BlueWin
20,0,1,1086,RedWin
20,0,1,5689,RedWin
20,0,1,1176,RedWin
20,0,1,14590,RedWin
20,0,1,11443,BlueWin
20,0,1,12790,RedWin
20,0,1,4608,BlueWin
20,0,1,24358,BlueWin
20,0,1,20515,RedWin
20,0,2,11717,BlueWin
20,0,2,5317,RedWin
20,0,2,5138,BlueWin
20,0,2,24059,RedWin
20,0,2,4424,RedWin
20,0,2,4147,RedWin
20,0,2,3760,BlueWin
20,0,2,28907,BlueWin
20,0,2,29365,RedWin
20,0,2,1092,BlueWin
20,0,2,9129,BlueWin
20,0,2,26601,RedWin
20,0,2,9121,BlueWin
20,0,2,12057,BlueWin
20,0,2,10912,RedWin
20,0,2,4338,RedWin
20,0,2,1186,BlueWin
20,0,2,22884,RedWin
20,0,2,22821,BlueWin
20,0,2,15827,BlueWin
20,0,2,7767,RedWin
20,0,2,29753,BlueWin
20,0,2,84,BlueWin
20,0,2,4174,BlueWin
20,0,2,8847,BlueWin
20,0,2,592,Draw
20,0,2,596,BlueWin
20,0,2,5929,BlueWin
20,0,2,2301,RedWin
20,0,2,17490,RedWin
20,0,2,32568,RedWin
20,0,2,27091,RedWin
20,0,2,18691,RedWin
20,0,2,25741,BlueWin
20,0,2,29612,BlueWin
20,0,2,10285,RedWin
20,0,2,15707,BlueWin
20,0,2,22166,RedWin
20,0,2,5173,BlueWin
20,0,2,15063,BlueWin
20,0,2,1558,BlueWin
20,0,2,17330,RedWin
20,0,2,26899,Draw
20,0,2,29471,RedWin
20,0,2,6579,BlueWin
20,0,2,16871,BlueWin
20,0,2,18517,BlueWin
20,0,2,26355,BlueWin
20,0,2,6622,BlueWin
20,0,2,27185,BlueWin
20,0,2,25877,BlueWin
20,0,2,28046,BlueWin
20,0,2,9845,BlueWin
20,0,2,22755,RedWin
20,0,2,11555,BlueWin
20,0,2,25654,RedWin
20,0,2,12759,RedWin
20,0,2,20547,RedWin
20,0,2,29784,BlueWin
20,0,2,21112,RedWin
20,0,2,29265,RedWin
20,0,2,9467,RedWin
20,0,2,28786,BlueWin
20,0,2,31295,BlueWin
20,0,2,30013,BlueWin
20,0,2,6716,BlueWin
20,0,2,5327,RedWin
20,0,2,12915,RedWin
20,0,2,12292,RedWin
20,0,2,29653,RedWin
20,0,2,24565,RedWin
20,0,2,2936,BlueWin
20,0,2,31494,RedWin
20,0,2,20835,Draw
20,0,2,27340,RedWin
20,0,2,31494,RedWin
20,0,2,529,BlueWin
20,0,2,21302,BlueWin
20,0,2,2967,BlueWin
20,0,2,6619,BlueWin
20,0,2,13384,BlueWin
20,0,2,31926,RedWin
20,0,2,7899,BlueWin
20,0,2,15782,RedWin
20,0,2,804,Draw
20,0,2,25328,BlueWin
20,0,2,32705,BlueWin
20,0,2,797,RedWin
20,0,2,28574,RedWin
20,0,2,31479,RedWin
20,0,2,29018,BlueWin
20,0,2,19448,RedWin
20,0,2,4020,BlueWin
20,0,2,31572,RedWin
20,0,2,29826,BlueWin
20,0,2,6145,RedWin
20,0,2,28163,RedWin
20,0,2,8409,BlueWin
20,0,2,10798,BlueWin
20,0,2,18352,RedWin
20,1,0,1453,BlueWin
20,1,0,12439,RedWin
20,1,0,13434,BlueWin
20,1,0,30424,RedWin
20,1,0,1191,BlueWin
20,1,0,11945,BlueWin
20,1,0,4869,BlueWin
20,1,0,17226,BlueWin
20,1,0,24342,RedWin
20,1,0,19389,BlueWin
20,1,0,31219,BlueWin
20,1,0,20598,BlueWin
20,1,0,13030,BlueWin
20,1,0,6798,BlueWin
20,1,0,3548,BlueWin
20,1,0,9819,BlueWin
20,1,0,18613,BlueWin
20,1,0,5713,BlueWin
20,1,0,17580,BlueWin
20,1,0,12718,BlueWin
20,1,0,13646,BlueWin
20,1,0,18403,RedWin
20,1,0,13565,BlueWin
20,1,0,32439,RedWin
20,1,0,11699,RedWin
20,1,0,31241,BlueWin
20,1,0,8870,BlueWin
20,1,0,25451,Draw
20,1,0,4144,BlueWin
20,1,0,26830,BlueWin
20,1,0,17689,BlueWin
20,1,0,6909,RedWin
20,1,0,5177,Draw
20,1,0,11527,BlueWin
20,1,0,11801,BlueWin
20,1,0,5254,BlueWin
20,1,0,5226,BlueWin
20,1,0,21010,BlueWin
20,1,0,11001,BlueWin
20,1,0,30382,RedWin
20,1,0,17738,BlueWin
20,1,0,4744,BlueWin
20,1,0,22519,RedWin
20,1,0,17199,BlueWin
20,1,0,27951,RedWin
20,1,0,12322,BlueWin
20,1,0,12607,BlueWin
20,1,0,15479,BlueWin
20,1,0,20053,BlueWin
20,1,0,16898,BlueWin
20,1,0,15974,RedWin
20,1,0,14023,BlueWin
20,1,0,18173,BlueWin
20,1,0,7160,BlueWin
20,1,0,22626,RedWin
20,1,0,3412,RedWin
20,1,0,11291,BlueWin
20,1,0,18683,BlueWin
20,1,0,5352,BlueWin
20,1,0,14845,BlueWin
20,1,0,9930,BlueWin
20,1,0,18568,RedWin
20,1,0,26570,BlueWin
20,1,0,8136,BlueWin
20,1,0,7319,BlueWin
20,1,0,6568,BlueWin
20,1,0,29066,BlueWin
20,1,0,10489,BlueWin
20,1,0,2765,BlueWin
20,1,0,12977,BlueWin
20,1,0,9909,BlueWin
20,1,0,28388,RedWin
20,1,0,20870,BlueWin
20,1,0,27162,BlueWin
20,1,0,26232,BlueWin
20,1,0,29736,BlueWin
20,1,0,1343,BlueWin
20,1,0,10133,BlueWin
20,1,0,13705,BlueWin
20,1,0,17010,RedWin
20,1,0,789,RedWin
20,1,0,27540,BlueWin
20,1,0,26890,BlueWin
20,1,0,6723,RedWin
20,1,0,11849,BlueWin
20,1,0,15238,RedWin
20,1,0,1657,BlueWin
20,1,0,4796,BlueWin
20,1,0,11730,BlueWin
20,1,0,21529,Draw
20,1,0,14680,RedWin
20,1,0,19296,BlueWin
20,1,0,7872,BlueWin
20,1,0,22359,BlueWin
20,1,0,16067,BlueWin
20,1,0,3020,BlueWin
20,1,0,5760,RedWin
20,1,0,18094,BlueWin
20,1,0,27911,BlueWin
20,1,0,30419,BlueWin
20,1,1,18081,Draw
20,1,1,3776,Draw
20,1,1,5629,Draw
20,1,1,17614,Draw
20,1,1,12784,Draw
20,1,1,12140,Draw
20,1,1,2450,Draw
20,1,1,28766,Draw
20,1,1,19728,Draw
20,1,1,23964,Draw
20,1,1,25289,Draw
20,1,1,11120,Draw
20,1,1,21212,Draw
20,1,1,27623,Draw
20,1,1,16349,Draw
20,1,1,23113,Draw
20,1,1,32463,Draw
20,1,1,22283,Draw
20,1,1,16864,Draw
20,1,1,3917,Draw
20,1,1,13914,Draw
20,1,1,23416,Draw
20,1,1,18602,Draw
20,1,1,17898,Draw
20,1,1,9603,Draw
20,1,1,31300,Draw
20,1,1,5953,Draw
20,1,1,25862,Draw
20,1,1,5576,Draw
20,1,1,32220,Draw
20,1,1,2905,Draw
20,1,1,8070,Draw
20,1,1,10067,Draw
20,1,1,15129,Draw
20,1,1,10109,Draw
20,1,1,1091,Draw
20,1,1,27403,Draw
20,1,1,18320,Draw
20,1,1,32006,Draw
20,1,1,12445,Draw
20,1,1,12920,Draw
20,1,1,32672,Draw
20,1,1,5524,Draw
20,1,1,20391,Draw
20,1,1,7281,Draw
20,1,1,16709,Draw
20,1,1,15290,Draw
20,1,1,17481,Draw
20,1,1,16486,Draw
20,1,1,5926,Draw
20,1,1,23767,Draw
20,1,1,13846,Draw
20,1,1,32680,Draw
20,1,1,3108,Draw
20,1,1,6045,Draw
20,1,1,24385,Draw
20,1,1,17092,Draw
20,1,1,26431,Draw
20,1,1,25837,Draw
20,1,1,12312,Draw
20,1,1,7974,Draw
20,1,1,11574,Draw
20,1,1,26465,Draw
20,1,1,15877,Draw
20,1,1,23141,Draw
20,1,1,18667,Draw
20,1,1,17526,Draw
20,1,1,20318,Draw
20,1,1,16469,Draw
20,1,1,9830,Draw
20,1,1,10643,Draw
20,1,1,12218,Draw
20,1,1,3228,Draw
20,1,1,32652,Draw
20,1,1,24613,Draw
20,1,1,20271,Draw
20,1,1,21167,Draw
20,1,1,2583,Draw
20,1,1,32110,Draw
20,1,1,17345,Draw
20,1,1,27060,Draw
20,1,1,23664,Draw
20,1,1,21574,Draw
20,1,1,24561,Draw
20,1,1,29066,Draw
20,1,1,17841,Draw
20,1,1,4628,Draw
20,1,1,27689,Draw
20,1,1,11241,Draw
20,1,1,25240,Draw
20,1,1,32041,Draw
20,1,1,18056,Draw
20,1,1,5672,Draw
20,1,1,21500,Draw
20,1,1,24629,Draw
20,1,1,30484,Draw
20,1,1,18553,Draw
20,1,1,15225,Draw
20,1,1,5633,Draw
20,1,1,17435,Draw
20,1,2,26065,BlueWin
20,1,2,12676,RedWin
20,1,2,1995,Draw
20,1,2,19934,BlueWin
20,1,2,11491,BlueWin
20,1,2,1697,RedWin
20,1,2,14577,RedWin
20,1,2,930,RedWin
20,1,2,4321,BlueWin
20,1,2,11385,RedWin
20,1,2,24948,BlueWin
20,1,2,7334,BlueWin
20,1,2,22710,BlueWin
20,1,2,12377,BlueWin
20,1,2,19953,BlueWin
20,1,2,17697,BlueWin
20,1,2,10072,BlueWin
20,1,2,6331,BlueWin
20,1,2,10221,RedWin
20,1,2,27748,BlueWin
20,1,2,10447,BlueWin
20,1,2,21385,BlueWin
20,1,2,30224,BlueWin
20,1,2,13805,RedWin
20,1,2,31756,BlueWin
20,1,2,7723,BlueWin
20,1,2,11016,BlueWin
20,1,2,22360,RedWin
20,1,2,23927,BlueWin
20,1,2,23769,BlueWin
20,1,2,15693,BlueWin
20,1,2,5857,Draw
20,1,2,5492,RedWin
20,1,2,897,RedWin
20,1,2,15377,RedWin
20,1,2,10447,BlueWin
20,1,2,19878,BlueWin
20,1,2,28665,RedWin
20,1,2,23882,BlueWin
20,1,2,15804,BlueWin
20,1,2,5329,BlueWin
20,1,2,16812,RedWin
20,1,2,6591,BlueWin
20,1,2,1385,BlueWin
20,1,2,16397,BlueWin
20,1,2,9462,BlueWin
20,1,2,11043,BlueWin
20,1,2,18271,BlueWin
20,1,2,14550,BlueWin
20,1,2,9469,RedWin
20,1,2,4089,RedWin
20,1,2,18304,BlueWin
20,1,2,17362,BlueWin
20,1,2,15944,RedWin
20,1,2,4867,RedWin
20,1,2,10840,BlueWin
20,1,2,31064,RedWin
20,1,2,1243,BlueWin
20,1,2,20530,BlueWin
20,1,2,10653,BlueWin
20,1,2,11991,BlueWin
20,1,2,18894,RedWin
20,1,2,2619,BlueWin
20,1,2,11872,BlueWin
20,1,2,15098,BlueWin
20,1,2,7460,BlueWin
20,1,2,19761,BlueWin
20,1,2,3014,BlueWin
20,1,2,1649,BlueWin
20,1,2,6539,RedWin
20,1,2,12372,BlueWin
20,1,2,29997,BlueWin
20,1,2,690,BlueWin
20,1,2,6623,BlueWin
20,1,2,32715,RedWin
20,1,2,8866,BlueWin
20,1,2,23890,BlueWin
20,1,2,20705,BlueWin
20,1,2,9409,Draw
20,1,2,32392,BlueWin
20,1,2,8290,BlueWin
20,1,2,14029,BlueWin
20,1,2,31940,RedWin
20,1,2,20530,BlueWin
20,1,2,15830,BlueWin
20,1,2,19259,BlueWin
20,1,2,7393,RedWin
20,1,2,12828,RedWin
20,1,2,26272,BlueWin
20,1,2,12153,RedWin
20,1,2,28518,BlueWin
20,1,2,5448,BlueWin
20,1,2,12099,RedWin
20,1,2,24941,BlueWin
20,1,2,18760,BlueWin
20,1,2,10369,BlueWin
20,1,2,25622,BlueWin
20,1,2,29284,BlueWin
20,1,2,12408,BlueWin
20,1,2,17252,BlueWin
20,2,0,3016,RedWin
20,2,0,4085,BlueWin
20,2,0,8526,BlueWin
20,2,0,18499,Draw
20,2,0,11809,RedWin
20,2,0,14646,RedWin
20,2,0,16733,BlueWin
20,2,0,25094,Draw
20,2,0,11514,RedWin
20,2,0,2208,BlueWin
20,2,0,32474,RedWin
20,2,0,7661,BlueWin
20,2,0,24723,RedWin
20,2,0,1150,RedWin
20,2,0,3512,RedWin
20,2,0,19658,RedWin
20,2,0,1389,RedWin
20,2,0,15987,BlueWin
20,2,0,10160,RedWin
20,2,0,10112,RedWin
20,2,0,24857,RedWin
20,2,0,22413,RedWin
20,2,0,31927,BlueWin
20,2,0,3443,BlueWin
20,2,0,8305,RedWin
20,2,0,27922,RedWin
20,2,0,24494,BlueWin
20,2,0,16420,BlueWin
20,2,0,3882,RedWin
20,2,0,19583,RedWin
20,2,0,20493,Draw
20,2,0,6840,RedWin
20,2,0,22584,BlueWin
20,2,0,24642,BlueWin
20,2,0,17399,RedWin
20,2,0,15874,BlueWin
20,2,0,31081,BlueWin
20,2,0,786,RedWin
20,2,0,5176,RedWin
20,2,0,7259,RedWin
20,2,0,14412,BlueWin
20,2,0,4331,RedWin
20,2,0,24990,BlueWin
20,2,0,28232,RedWin
20,2,0,20838,RedWin
20,2,0,1892,BlueWin
20,2,0,18139,RedWin
20,2,0,31893,BlueWin
20,2,0,15163,BlueWin
20,2,0,21850,RedWin
20,2,0,8033,BlueWin
20,2,0,9231,RedWin
20,2,0,2302,BlueWin
20,2,0,26782,BlueWin
20,2,0,28542,BlueWin
20,2,0,30107,RedWin
20,2,0,12516,RedWin
20,2,0,265,RedWin
20,2,0,7632,RedWin
20,2,0,27342,BlueWin
20,2,0,3466,RedWin
20,2,0,30927,BlueWin
20,2,0,31158,RedWin
20,2,0,16612,RedWin
20,2,0,17745,RedWin
20,2,0,2139,BlueWin
20,2,0,14339,BlueWin
20,2,0,30191,Draw
20,2,0,9770,RedWin
20,2,0,19639,RedWin
20,2,0,15918,Draw
20,2,0,23598,RedWin
20,2,0,984,BlueWin
20,2,0,5946,RedWin
20,2,0,30757,RedWin
20,2,0,21549,BlueWin
20,2,0,28689,BlueWin
20,2,0,432,BlueWin
20,2,0,1183,RedWin
20,2,0,28011,BlueWin
20,2,0,5938,BlueWin
20,2,0,3792,BlueWin
20,2,0,14632,RedWin
20,2,0,12734,BlueWin
20,2,0,27933,RedWin
20,2,0,15918,Draw
20,2,0,20078,BlueWin
20,2,0,22082,RedWin
20,2,0,16332,RedWin
20,2,0,31639,RedWin
20,2,0,14001,BlueWin
20,2,0,21649,BlueWin
20,2,0,10677,BlueWin
20,2,0,20246,BlueWin
20,2,0,16766,RedWin
20,2,0,17080,BlueWin
20,2,0,18013,BlueWin
20,2,0,14970,RedWin
20,2,0,12755,BlueWin
20,2,0,11477,BlueWin
20,2,1,23751,RedWin
20,2,1,15650,RedWin
20,2,1,4869,BlueWin
20,2,1,27551,RedWin
20,2,1,19194,BlueWin
20,2,1,576,Draw
20,2,1,21813,BlueWin
20,2,1,12136,RedWin
20,2,1,29931,RedWin
20,2,1,8872,RedWin
20,2,1,28857,Draw
20,2,1,14819,BlueWin
20,2,1,7822,RedWin
20,2,1,11518,RedWin
20,2,1,24873,RedWin
20,2,1,28964,BlueWin
20,2,1,10623,RedWin
20,2,1,32129,BlueWin
20,2,1,22068,RedWin
20,2,1,4434,RedWin
20,2,1,9624,RedWin
20,2,1,21330,RedWin
20,2,1,13304,RedWin
20,2,1,5882,RedWin
20,2,1,9262,RedWin
20,2,1,19903,BlueWin
20,2,1,27641,BlueWin
20,2,1,24118,RedWin
20,2,1,27443,RedWin
20,2,1,31137,BlueWin
20,2,1,25935,RedWin
20,2,1,23280,RedWin
20,2,1,26018,BlueWin
20,2,1,2232,BlueWin
20,2,1,6259,RedWin
20,2,1,17930,RedWin
20,2,1,16715,RedWin
20,2,1,17614,RedWin
20,2,1,23770,RedWin
20,2,1,6103,RedWin
20,2,1,22792,RedWin
20,2,1,17440,BlueWin
20,2,1,9337,RedWin
20,2,1,16546,BlueWin
20,2,1,2262,RedWin
20,2,1,17894,RedWin
20,2,1,11363,RedWin
20,2,1,7120,RedWin
20,2,1,31487,BlueWin
20,2,1,15201,RedWin
20,2,1,28973,BlueWin
20,2,1,22286,RedWin
20,2,1,23075,BlueWin
20,2,1,13645,RedWin
20,2,1,3995,RedWin
20,2,1,16040,RedWin
20,2,1,10726,RedWin
20,2,1,30604,BlueWin
20,2,1,18260,BlueWin
20,2,1,30299,RedWin
20,2,1,25006,RedWin
20,2,1,27126,RedWin
20,2,1,8762,Draw
20,2,1,18293,RedWin
20,2,1,22303,RedWin
20,2,1,27092,RedWin
20,2,1,29087,RedWin
20,2,1,2110,RedWin
20,2,1,20717,RedWin
20,2,1,2389,RedWin
20,2,1,26136,RedWin
20,2,1,27654,RedWin
20,2,1,8274,RedWin
20,2,1,9095,RedWin
20,2,1,11969,RedWin
20,2,1,3587,RedWin
20,2,1,7475,RedWin
20,2,1,9,BlueWin
20,2,1,28638,RedWin
20,2,1,32738,RedWin
20,2,1,25980,RedWin
20,2,1,25911,RedWin
20,2,1,8383,BlueWin
20,2,1,29449,RedWin
20,2,1,22720,RedWin
20,2,1,16598,RedWin
20,2,1,11366,BlueWin
20,2,1,2839,RedWin
20,2,1,9430,RedWin
20,2,1,26788,RedWin
20,2,1,9922,RedWin
20,2,1,8711,RedWin
20,2,1,32167,RedWin
20,2,1,6920,BlueWin
20,2,1,22119,BlueWin
20,2,1,5021,RedWin
20,2,1,15215,RedWin
20,2,1,30775,RedWin
20,2,1,7713,RedWin
20,2,1,10532,BlueWin
20,2,2,14745,RedWin
20,2,2,11573,BlueWin
20,2,2,9089,BlueWin
20,2,2,8953,RedWin
20,2,2,13868,RedWin
20,2,2,6181,BlueWin
20,2,2,13876,BlueWin
20,2,2,8498,RedWin
20,2,2,1365,BlueWin
20,2,2,16383,BlueWin
20,2,2,9048,RedWin
20,2,2,6239,Draw
20,2,2,9790,BlueWin
20,2,2,15060,BlueWin
20,2,2,17206,RedWin
20,2,2,7204,RedWin
20,2,2,13315,RedWin
20,2,2,25294,Draw
20,2,2,30295,BlueWin
20,2,2,31013,BlueWin
20,2,2,28895,RedWin
20,2,2,29268,BlueWin
20,2,2,10278,BlueWin
20,2,2,4954,BlueWin
20,2,2,11913,BlueWin
20,2,2,24583,BlueWin
20,2,2,31121,RedWin
20,2,2,10244,RedWin
20,2,2,11594,RedWin
20,2,2,4748,BlueWin
20,2,2,11711,BlueWin
20,2,2,2735,RedWin
20,2,2,9685,RedWin
20,2,2,22615,RedWin
20,2,2,16761,RedWin
20,2,2,643,RedWin
20,2,2,2431,RedWin
20,2,2,9269,RedWin
20,2,2,12399,RedWin
20,2,2,22807,BlueWin
20,2,2,1587,BlueWin
20,2,2,7555,BlueWin
20,2,2,6168,BlueWin
20,2,2,29368,RedWin
20,2,2,7140,RedWin
20,2,2,5916,BlueWin
20,2,2,14921,RedWin
20,2,2,8817,RedWin
20,2,2,11573,BlueWin
20,2,2,29513,RedWin
20,2,2,18686,BlueWin
20,2,2,19839,Draw
20,2,2,19853,RedWin
20,2,2,4578,BlueWin
20,2,2,14416,BlueWin
20,2,2,16450,RedWin
20,2,2,21888,BlueWin
20,2,2,21769,BlueWin
20,2,2,26646,BlueWin
20,2,2,1401,Draw
20,2,2,27299,RedWin
20,2,2,5806,BlueWin
20,2,2,1859,RedWin
20,2,2,32017,BlueWin
20,2,2,4044,RedWin
20,2,2,15656,BlueWin
20,2,2,12666,RedWin
20,2,2,25757,RedWin
20,2,2,12296,BlueWin
20,2,2,6842,RedWin
20,2,2,21624,RedWin
20,2,2,12579,RedWin
20,2,2,8490,RedWin
20,2,2,28190,BlueWin
20,2,2,2260,RedWin
20,2,2,17428,BlueWin
20,2,2,3333,RedWin
20,2,2,26619,RedWin
20,2,2,18777,RedWin
20,2,2,3017,BlueWin
20,2,2,17213,BlueWin
20,2,2,2431,RedWin
20,2,2,8775,RedWin
20,2,2,1199,BlueWin
20,2,2,13112,BlueWin
20,2,2,22553,RedWin
20,2,2,3960,RedWin
20,2,2,15494,BlueWin
20,2,2,9447,BlueWin
20,2,2,23738,BlueWin
20,2,2,28038,RedWin
20,2,2,7760,BlueWin
20,2,2,21105,BlueWin
20,2,2,31367,Draw
20,2,2,15119,RedWin
20,2,2,32256,BlueWin
20,2,2,20916,Draw
20,2,2,13215,RedWin
20,2,2,16581,BlueWin
20,2,2,20095,BlueWin
50,0,0,1425,RedWin
50,0,0,30468,BlueWin
50,0,0,19214,BlueWin
50,0,0,2914,RedWin
50,0,0,22077,RedWin
50,0,0,26621,RedWin
50,0,0,15065,RedWin
50,0,0,6289,BlueWin
50,0,0,27941,RedWin
50,0,0,22135,RedWin
50,0,0,8619,RedWin
50,0,0,29277,BlueWin
50,0,0,16650,BlueWin
50,0,0,12512,BlueWin
50,0,0,23735,RedWin
50,0,0,7971,RedWin
50,0,0,22616,RedWin
50,0,0,2621,BlueWin
50,0,0,13055,BlueWin
50,0,0,7287,BlueWin
50,0,0,26013,BlueWin
50,0,0,15055,RedWin
50,0,0,507,BlueWin
50,0,0,5937,BlueWin
50,0,0,8131,BlueWin
50,0,0,18415,Draw
50,0,0,8173,RedWin
50,0,0,9004,BlueWin
50,0,0,16651,BlueWin
50,0,0,14884,RedWin
50,0,0,14709,RedWin
50,0,0,19415,RedWin
50,0,0,6681,BlueWin
50,0,0,5797,RedWin
50,0,0,25260,RedWin
50,0,0,12618,RedWin
50,0,0,9584,RedWin
50,0,0,31169,BlueWin
50,0,0,30302,RedWin
50,0,0,18854,RedWin
50,0,0,27839,RedWin
50,0,0,32487,RedWin
50,0,0,1358,RedWin
50,0,0,26047,RedWin
50,0,0,7698,RedWin
50,0,0,19203,BlueWin
50,0,0,21532,RedWin
50,0,0,6136,RedWin
50,0,0,16207,BlueWin
50,0,0,30218,BlueWin
50,0,0,13712,BlueWin
50,0,0,13731,BlueWin
50,0,0,27199,BlueWin
50,0,0,32602,RedWin
50,0,0,522,BlueWin
50,0,0,8213,RedWin
50,0,0,19660,RedWin
50,0,0,32292,BlueWin
50,0,0,1784,RedWin
50,0,0,8604,BlueWin
50,0,0,18573,BlueWin
50,0,0,9051,RedWin
50,0,0,23064,RedWin
50,0,0,30956,BlueWin
50,0,0,21666,RedWin
50,0,0,27163,BlueWin
50,0,0,7060,BlueWin
50,0,0,16870,BlueWin
50,0,0,6972,BlueWin
50,0,0,3428,BlueWin
50,0,0,19860,BlueWin
50,0,0,28159,BlueWin
50,0,0,4635,BlueWin
50,0,0,17442,BlueWin
50,0,0,13070,BlueWin
50,0,0,28958,BlueWin
50,0,0,3530,BlueWin
50,0,0,27637,BlueWin
50,0,0,16691,RedWin
50,0,0,701,RedWin
50,0,0,22283,RedWin
50,0,0,7945,BlueWin
50,0,0,3399,BlueWin
50,0,0,23459,BlueWin
50,0,0,13250,RedWin
50,0,0,12793,BlueWin
50,0,0,30368,RedWin
50,0,0,1123,RedWin
50,0,0,11845,BlueWin
50,0,0,18789,RedWin
50,0,0,7721,RedWin
50,0,0,19149,RedWin
50,0,0,5323,RedWin
50,0,0,9272,RedWin
50,0,0,26008,BlueWin
50,0,0,28117,BlueWin
50,0,0,31434,RedWin
50,0,0,2024,RedWin
50,0,0,9263,BlueWin
50,0,0,8406,RedWin
50,0,1,23568,RedWin
50,0,1,13011,RedWin
50,0,1,24185,RedWin
50,0,1,6477,RedWin
50,0,1,15904,RedWin
50,0,1,20905,RedWin
50,0,1,16793,RedWin
50,0,1,19376,RedWin
50,0,1,18170,RedWin
50,0,1,19431,RedWin
50,0,1,13875,RedWin
50,0,1,20785,RedWin
50,0,1,5598,RedWin
50,0,1,11394,BlueWin
50,0,1,18327,RedWin
50,0,1,10921,RedWin
50,0,1,25566,RedWin
50,0,1,12532,RedWin
50,0,1,1018,RedWin
50,0,1,8202,RedWin
50,0,1,31532,RedWin
50,0,1,17335,RedWin
50,0,1,9641,RedWin
50,0,1,12844,RedWin
50,0,1,28964,RedWin
50,0,1,11145,RedWin
50,0,1,13003,RedWin
50,0,1,26840,RedWin
50,0,1,18711,RedWin
50,0,1,13419,RedWin
50,0,1,26049,RedWin
50,0,1,1564,RedWin
50,0,1,10207,RedWin
50,0,1,9576,RedWin
50,0,1,27461,RedWin
50,0,1,16491,RedWin
50,0,1,23250,RedWin
50,0,1,6227,RedWin
50,0,1,7711,RedWin
50,0,1,15695,RedWin
50,0,1,19364,RedWin
50,0,1,7887,RedWin
50,0,1,23545,RedWin
50,0,1,22119,RedWin
50,0,1,14334,RedWin
50,0,1,8490,RedWin
50,0,1,24460,RedWin
50,0,1,3766,RedWin
50,0,1,25023,RedWin
50,0,1,31223,RedWin
50,0,1,25507,RedWin
50,0,1,8178,RedWin
50,0,1,30219,RedWin
50,0,1,26074,RedWin
50,0,1,2181,RedWin
50,0,1,950,RedWin
50,0,1,25097,RedWin
50,0,1,17297,RedWin
50,0,1,31433,RedWin
50,0,1,11097,RedWin
50,0,1,32122,RedWin
50,0,1,28128,RedWin
50,0,1,6519,RedWin
50,0,1,29522,RedWin
50,0,1,7308,RedWin
50,0,1,18265,RedWin
50,0,1,15031,RedWin
50,0,1,23784,RedWin
50,0,1,16288,RedWin
50,0,1,9843,RedWin
50,0,1,19602,RedWin
50,0,1,12478,RedWin
50,0,1,5500,RedWin
50,0,1,3277,RedWin
50,0,1,1677,RedWin
50,0,1,5621,RedWin
50,0,1,9604,RedWin
50,0,1,906,RedWin
50,0,1,31409,RedWin
50,0,1,6007,RedWin
50,0,1,11569,RedWin
50,0,1,11218,RedWin
50,0,1,6973,RedWin
50,0,1,25734,RedWin
50,0,1,7758,RedWin
50,0,1,12709,RedWin
50,0,1,22784,RedWin
50,0,1,16237,RedWin
50,0,1,19433,RedWin
50,0,1,20849,RedWin
50,0,1,1486,RedWin
50,0,1,10735,RedWin
50,0,1,11753,RedWin
50,0,1,16321,RedWin
50,0,1,14365,RedWin
50,0,1,9319,RedWin
50,0,1,1560,RedWin
50,0,1,19499,RedWin
50,0,1,19935,RedWin
50,0,1,9150,RedWin
50,0,2,15866,BlueWin
50,0,2,32569,BlueWin
50,0,2,1046,BlueWin
50,0,2,27312,RedWin
50,0,2,32082,BlueWin
50,0,2,13660,BlueWin
50,0,2,26444,BlueWin
50,0,2,16201,RedWin
50,0,2,31164,RedWin
50,0,2,19543,BlueWin
50,0,2,7044,BlueWin
50,0,2,715,BlueWin
50,0,2,1174,BlueWin
50,0,2,10521,RedWin
50,0,2,21494,RedWin
50,0,2,16667,RedWin
50,0,2,381,RedWin
50,0,2,21485,RedWin
50,0,2,32290,BlueWin
50,0,2,329,BlueWin
50,0,2,2324,BlueWin
50,0,2,1932,BlueWin
50,0,2,8215,RedWin
50,0,2,1543,BlueWin
50,0,2,23498,RedWin
50,0,2,24423,RedWin
50,0,2,1571,BlueWin
50,0,2,27109,BlueWin
50,0,2,15947,BlueWin
50,0,2,12928,BlueWin
50,0,2,2210,RedWin
50,0,2,19809,BlueWin
50,0,2,11452,BlueWin
50,0,2,29494,RedWin
50,0,2,5252,RedWin
50,0,2,6493,RedWin
50,0,2,19385,BlueWin
50,0,2,26961,RedWin
50,0,2,465,RedWin
50,0,2,22151,RedWin
50,0,2,31130,BlueWin
50,0,2,3373,RedWin
50,0,2,7011,BlueWin
50,0,2,16937,BlueWin
50,0,2,5841,RedWin
50,0,2,1886,BlueWin
50,0,2,17058,BlueWin
50,0,2,15616,RedWin
50,0,2,31268,RedWin
50,0,2,22542,BlueWin
50,0,2,9627,BlueWin
50,0,2,30587,BlueWin
50,0,2,20804,RedWin
50,0,2,32089,BlueWin
50,0,2,24196,RedWin
50,0,2,23179,RedWin
50,0,2,29634,BlueWin
50,0,2,32255,BlueWin
50,0,2,2540,BlueWin
50,0,2,30525,RedWin
50,0,2,27887,BlueWin
50,0,2,18985,RedWin
50,0,2,2435,BlueWin
50,0,2,6238,RedWin
50,0,2,18263,RedWin
50,0,2,11756,BlueWin
50,0,2,344,BlueWin
50,0,2,15016,RedWin
50,0,2,7697,RedWin
50,0,2,29241,RedWin
50,0,2,6549,BlueWin
50,0,2,12332,BlueWin
50,0,2,13635,RedWin
50,0,2,22820,BlueWin
50,0,2,20574,RedWin
50,0,2,24923,RedWin
50,0,2,22691,RedWin
50,0,2,19526,RedWin
50,0,2,10328,BlueWin
50,0,2,22757,BlueWin
50,0,2,22547,RedWin
50,0,2,28341,RedWin
50,0,2,28152,RedWin
50,0,2,27884,BlueWin
50,0,2,5874,RedWin
50,0,2,31589,RedWin
50,0,2,13049,BlueWin
50,0,2,1597,BlueWin
50,0,2,9830,RedWin
50,0,2,6948,BlueWin
50,0,2,5781,BlueWin
50,0,2,11044,RedWin
50,0,2,25079,RedWin
50,0,2,20997,BlueWin
50,0,2,28006,RedWin
50,0,2,27104,BlueWin
50,0,2,32636,RedWin
50,0,2,22193,BlueWin
50,0,2,15535,Draw
50,0,2,10744,RedWin
50,1,0,31820,BlueWin
50,1,0,3594,BlueWin
50,1,0,20794,BlueWin
50,1,0,20047,BlueWin
50,1,0,20450,BlueWin
50,1,0,7238,BlueWin
50,1,0,30459,BlueWin
50,1,0,2960,BlueWin
50,1,0,23177,BlueWin
50,1,0,27522,BlueWin
50,1,0,17360,BlueWin
50,1,0,6476,BlueWin
50,1,0,30380,BlueWin
50,1,0,5868,BlueWin
50,1,0,30817,BlueWin
50,1,0,17566,BlueWin
50,1,0,26221,BlueWin
50,1,0,14850,BlueWin
50,1,0,25493,BlueWin
50,1,0,29259,BlueWin
50,1,0,20889,BlueWin
50,1,0,20911,BlueWin
50,1,0,24236,BlueWin
50,1,0,28930,BlueWin
50,1,0,27953,BlueWin
50,1,0,12726,BlueWin
50,1,0,21827,BlueWin
50,1,0,8690,BlueWin
50,1,0,17953,BlueWin
50,1,0,13929,BlueWin
50,1,0,20948,BlueWin
50,1,0,19726,BlueWin
50,1,0,880,BlueWin
50,1,0,17344,BlueWin
50,1,0,9236,BlueWin
50,1,0,23408,BlueWin
50,1,0,10908,BlueWin
50,1,0,3497,BlueWin
50,1,0,1024,BlueWin
50,1,0,21694,RedWin
50,1,0,16166,BlueWin
50,1,0,2239,BlueWin
50,1,0,18466,BlueWin
50,1,0,22259,BlueWin
50,1,0,6552,BlueWin
50,1,0,19456,BlueWin
50,1,0,8211,BlueWin
50,1,0,28176,BlueWin
50,1,0,3753,BlueWin
50,1,0,7771,BlueWin
50,1,0,421,BlueWin
50,1,0,14188,BlueWin
50,1,0,13132,BlueWin
50,1,0,30465,BlueWin
50,1,0,3367,BlueWin
50,1,0,32656,BlueWin
50,1,0,19505,BlueWin
50,1,0,11190,RedWin
50,1,0,29675,BlueWin
50,1,0,31942,BlueWin
50,1,0,25985,BlueWin
50,1,0,215,BlueWin
50,1,0,24922,BlueWin
50,1,0,29489,BlueWin
50,1,0,18131,BlueWin
50,1,0,22867,BlueWin
50,1,0,31049,BlueWin
50,1,0,17909,BlueWin
50,1,0,5959,BlueWin
50,1,0,30577,BlueWin
50,1,0,9642,BlueWin
50,1,0,29754,BlueWin
50,1,0,7294,BlueWin
50,1,0,14544,BlueWin
50,1,0,28483,RedWin
50,1,0,13932,BlueWin
50,1,0,9891,BlueWin
50,1,0,14333,BlueWin
50,1,0,25449,BlueWin
50,1,0,16192,BlueWin
50,1,0,3003,BlueWin
50,1,0,21372,BlueWin
50,1,0,3762,BlueWin
50,1,0,22815,BlueWin
50,1,0,10661,BlueWin
50,1,0,11250,BlueWin
50,1,0,19880,BlueWin
50,1,0,23825,BlueWin
50,1,0,6355,BlueWin
50,1,0,29553,BlueWin
50,1,0,5308,BlueWin
50,1,0,28351,BlueWin
50,1,0,28067,BlueWin
50,1,0,6585,BlueWin
50,1,0,28444,BlueWin
50,1,0,21868,BlueWin
50,1,0,12891,BlueWin
50,1,0,30599,BlueWin
50,1,0,29064,BlueWin
50,1,0,13604,BlueWin
50,1,1,905,Draw
50,1,1,17388,Draw
50,1,1,28866,Draw
50,1,1,21447,Draw
50,1,1,15761,Draw
50,1,1,9672,Draw
50,1,1,2217,Draw
50,1,1,8537,Draw
50,1,1,5731,Draw
50,1,1,28886,Draw
50,1,1,29498,Draw
50,1,1,4947,Draw
50,1,1,20440,Draw
50,1,1,11105,Draw
50,1,1,7725,Draw
50,1,1,18272,Draw
50,1,1,8481,Draw
50,1,1,997,Draw
50,1,1,13659,Draw
50,1,1,10832,Draw
50,1,1,8621,Draw
50,1,1,7624,Draw
50,1,1,23864,Draw
50,1,1,17765,Draw
50,1,1,3287,Draw
50,1,1,7925,Draw
50,1,1,3615,Draw
50,1,1,5457,Draw
50,1,1,436,Draw
50,1,1,23139,Draw
50,1,1,23050,Draw
50,1,1,26245,Draw
50,1,1,15315,Draw
50,1,1,21212,Draw
50,1,1,2929,Draw
50,1,1,23040,Draw
50,1,1,14015,Draw
50,1,1,22046,Draw
50,1,1,25918,Draw
50,1,1,220,Draw
50,1,1,7379,Draw
50,1,1,4014,Draw
50,1,1,110,Draw
50,1,1,16520,Draw
50,1,1,11210,Draw
50,1,1,2579,Draw
50,1,1,7772,Draw
50,1,1,20167,Draw
50,1,1,30209,Draw
50,1,1,23637,Draw
50,1,1,25537,Draw
50,1,1,14767,Draw
50,1,1,10525,Draw
50,1,1,22982,Draw
50,1,1,5657,Draw
50,1,1,31909,Draw
50,1,1,25721,Draw
50,1,1,25180,Draw
50,1,1,14133,Draw
50,1,1,9026,Draw
50,1,1,23280,Draw
50,1,1,23756,Draw
50,1,1,29650,Draw
50,1,1,24644,Draw
50,1,1,8290,Draw
50,1,1,16485,Draw
50,1,1,10404,Draw
50,1,1,25949,Draw
50,1,1,19643,Draw
50,1,1,9872,Draw
50,1,1,17723,Draw
50,1,1,26104,Draw
50,1,1,8276,Draw
50,1,1,31283,Draw
50,1,1,20319,Draw
50,1,1,26710,Draw
50,1,1,8571,Draw
50,1,1,13872,Draw
50,1,1,18543,Draw
50,1,1,5182,Draw
50,1,1,4311,Draw
50,1,1,15659,Draw
50,1,1,2658,Draw
50,1,1,11401,Draw
50,1,1,1298,Draw
50,1,1,4436,Draw
50,1,1,13833,Draw
50,1,1,13989,Draw
50,1,1,11777,Draw
50,1,1,21259,Draw
50,1,1,10708,Draw
50,1,1,7788,Draw
50,1,1,31835,Draw
50,1,1,27697,Draw
50,1,1,6218,Draw
50,1,1,21150,Draw
50,1,1,1262,Draw
50,1,1,24906,Draw
50,1,1,17447,Draw
50,1,1,27783,Draw
50,1,2,18247,BlueWin
50,1,2,12109,BlueWin
50,1,2,6031,BlueWin
50,1,2,16401,BlueWin
50,1,2,16745,BlueWin
50,1,2,27338,BlueWin
50,1,2,29845,BlueWin
50,1,2,28041,BlueWin
50,1,2,28908,BlueWin
50,1,2,16087,BlueWin
50,1,2,21042,BlueWin
50,1,2,25293,BlueWin
50,1,2,9979,BlueWin
50,1,2,17133,BlueWin
50,1,2,27138,BlueWin
50,1,2,20636,BlueWin
50,1,2,16159,BlueWin
50,1,2,6699,BlueWin
50,1,2,16026,BlueWin
50,1,2,2862,BlueWin
50,1,2,2899,BlueWin
50,1,2,30848,BlueWin
50,1,2,10461,BlueWin
50,1,2,32109,BlueWin
50,1,2,9263,BlueWin
50,1,2,9204,BlueWin
50,1,2,2124,BlueWin
50,1,2,27552,BlueWin
50,1,2,1877,BlueWin
50,1,2,5548,BlueWin
50,1,2,29044,BlueWin
50,1,2,1337,BlueWin
50,1,2,4571,BlueWin
50,1,2,18407,BlueWin
50,1,2,10446,BlueWin
50,1,2,1686,BlueWin
50,1,2,27760,BlueWin
50,1,2,19611,BlueWin
50,1,2,24879,RedWin
50,1,2,23604,BlueWin
50,1,2,32319,BlueWin
50,1,2,31135,BlueWin
50,1,2,24149,BlueWin
50,1,2,18742,BlueWin
50,1,2,1445,BlueWin
50,1,2,15291,BlueWin
50,1,2,6520,BlueWin
50,1,2,13904,BlueWin
50,1,2,26627,BlueWin
50,1,2,21736,BlueWin
50,1,2,22488,BlueWin
50,1,2,17526,BlueWin
50,1,2,12866,BlueWin
50,1,2,13405,BlueWin
50,1,2,22156,BlueWin
50,1,2,10746,BlueWin
50,1,2,24748,BlueWin
50,1,2,26262,BlueWin
50,1,2,690,BlueWin
50,1,2,32082,BlueWin
50,1,2,9928,BlueWin
50,1,2,8995,BlueWin
50,1,2,21593,BlueWin
50,1,2,9777,BlueWin
50,1,2,5547,BlueWin
50,1,2,8651,BlueWin
50,1,2,9419,BlueWin
50,1,2,5239,BlueWin
50,1,2,5305,BlueWin
50,1,2,6581,BlueWin
50,1,2,20837,BlueWin
50,1,2,29699,BlueWin
50,1,2,31295,BlueWin
50,1,2,25832,BlueWin
50,1,2,28703,BlueWin
50,1,2,9326,BlueWin
50,1,2,15718,BlueWin
50,1,2,6672,BlueWin
50,1,2,14165,BlueWin
50,1,2,27143,BlueWin
50,1,2,7765,BlueWin
50,1,2,2330,BlueWin
50,1,2,8921,BlueWin
50,1,2,32226,BlueWin
50,1,2,14268,BlueWin
50,1,2,20286,BlueWin
50,1,2,1820,BlueWin
50,1,2,18317,BlueWin
50,1,2,965,BlueWin
50,1,2,10852,BlueWin
50,1,2,15678,BlueWin
50,1,2,26185,BlueWin
50,1,2,26853,BlueWin
50,1,2,5511,BlueWin
50,1,2,137,BlueWin
50,1,2,16412,BlueWin
50,1,2,1592,BlueWin
50,1,2,21606,BlueWin
50,1,2,31710,BlueWin
50,1,2,22082,BlueWin
50,2,0,13323,BlueWin
50,2,0,16422,RedWin
50,2,0,5061,Draw
50,2,0,28182,RedWin
50,2,0,27364,RedWin
50,2,0,11494,RedWin
50,2,0,16060,RedWin
50,2,0,23680,BlueWin
50,2,0,22469,RedWin
50,2,0,25244,RedWin
50,2,0,12317,RedWin
50,2,0,16991,BlueWin
50,2,0,5815,RedWin
50,2,0,26491,RedWin
50,2,0,27190,RedWin
50,2,0,11100,RedWin
50,2,0,10449,RedWin
50,2,0,22514,RedWin
50,2,0,21838,RedWin
50,2,0,1427,BlueWin
50,2,0,4358,BlueWin
50,2,0,22274,RedWin
50,2,0,27156,BlueWin
50,2,0,23279,RedWin
50,2,0,10369,RedWin
50,2,0,12098,BlueWin
50,2,0,21071,BlueWin
50,2,0,26176,BlueWin
50,2,0,32366,BlueWin
50,2,0,6884,BlueWin
50,2,0,31747,RedWin
50,2,0,16499,BlueWin
50,2,0,21964,RedWin
50,2,0,23014,RedWin
50,2,0,7248,RedWin
50,2,0,22253,RedWin
50,2,0,29546,BlueWin
50,2,0,29057,RedWin
50,2,0,356,RedWin
50,2,0,27921,BlueWin
50,2,0,2727,RedWin
50,2,0,23107,RedWin
50,2,0,3091,RedWin
50,2,0,27298,RedWin
50,2,0,28674,RedWin
50,2,0,5635,BlueWin
50,2,0,19308,RedWin
50,2,0,12901,BlueWin
50,2,0,17411,RedWin
50,2,0,22482,BlueWin
50,2,0,22141,RedWin
50,2,0,15785,BlueWin
50,2,0,21311,BlueWin
50,2,0,25407,BlueWin
50,2,0,21944,RedWin
50,2,0,23248,BlueWin
50,2,0,8981,RedWin
50,2,0,14655,BlueWin
50,2,0,22901,BlueWin
50,2,0,18201,RedWin
50,2,0,24954,BlueWin
50,2,0,12853,RedWin
50,2,0,23406,BlueWin
50,2,0,4836,BlueWin
50,2,0,14603,BlueWin
50,2,0,3080,RedWin
50,2,0,5973,BlueWin
50,2,0,27188,BlueWin
50,2,0,8573,BlueWin
50,2,0,18426,BlueWin
50,2,0,8526,RedWin
50,2,0,13129,BlueWin
50,2,0,15901,RedWin
50,2,0,3078,BlueWin
50,2,0,6930,BlueWin
50,2,0,24607,BlueWin
50,2,0,7270,RedWin
50,2,0,4630,BlueWin
50,2,0,9152,BlueWin
50,2,0,15868,BlueWin
50,2,0,787,RedWin
50,2,0,1167,RedWin
50,2,0,19858,RedWin
50,2,0,16693,RedWin
50,2,0,7886,RedWin
50,2,0,7049,RedWin
50,2,0,16607,RedWin
50,2,0,4099,BlueWin
50,2,0,19312,RedWin
50,2,0,16185,RedWin
50,2,0,18523,RedWin
50,2,0,20274,BlueWin
50,2,0,32111,BlueWin
50,2,0,1216,RedWin
50,2,0,4229,RedWin
50,2,0,4950,RedWin
50,2,0,11062,RedWin
50,2,0,7231,RedWin
50,2,0,5833,RedWin
50,2,0,27729,RedWin
50,2,1,18446,RedWin
50,2,1,9015,RedWin
50,2,1,5008,RedWin
50,2,1,25184,RedWin
50,2,1,7584,RedWin
50,2,1,13554,RedWin
50,2,1,8068,RedWin
50,2,1,9846,RedWin
50,2,1,7533,RedWin
50,2,1,25345,RedWin
50,2,1,1056,RedWin
50,2,1,28032,RedWin
50,2,1,31560,RedWin
50,2,1,14404,RedWin
50,2,1,9693,RedWin
50,2,1,25573,RedWin
50,2,1,23301,RedWin
50,2,1,24981,BlueWin
50,2,1,547,RedWin
50,2,1,27062,RedWin
50,2,1,11831,RedWin
50,2,1,15815,RedWin
50,2,1,2583,RedWin
50,2,1,28615,RedWin
50,2,1,30552,RedWin
50,2,1,14303,RedWin
50,2,1,7804,RedWin
50,2,1,3489,RedWin
50,2,1,25354,RedWin
50,2,1,25002,RedWin
50,2,1,31985,RedWin
50,2,1,22604,RedWin
50,2,1,27860,RedWin
50,2,1,32006,RedWin
50,2,1,5372,RedWin
50,2,1,19074,RedWin
50,2,1,13182,RedWin
50,2,1,19593,RedWin
50,2,1,29553,RedWin
50,2,1,10742,RedWin
50,2,1,636,RedWin
50,2,1,12377,RedWin
50,2,1,17649,RedWin
50,2,1,22054,RedWin
50,2,1,6342,RedWin
50,2,1,7267,RedWin
50,2,1,13052,RedWin
50,2,1,16335,RedWin
50,2,1,20413,RedWin
50,2,1,1741,RedWin
50,2,1,14554,RedWin
50,2,1,6738,RedWin
50,2,1,6650,RedWin
50,2,1,9161,RedWin
50,2,1,3688,RedWin
50,2,1,1702,RedWin
50,2,1,12367,RedWin
50,2,1,12096,RedWin
50,2,1,6609,RedWin
50,2,1,345,RedWin
50,2,1,5832,RedWin
50,2,1,14742,RedWin
50,2,1,11724,Draw
50,2,1,21823,RedWin
50,2,1,21348,RedWin
50,2,1,29585,RedWin
50,2,1,30124,RedWin
50,2,1,892,RedWin
50,2,1,28118,RedWin
50,2,1,1677,RedWin
50,2,1,14645,RedWin
50,2,1,27681,RedWin
50,2,1,8773,RedWin
50,2,1,30781,RedWin
50,2,1,6451,RedWin
50,2,1,2914,RedWin
50,2,1,24521,RedWin
50,2,1,3423,RedWin
50,2,1,28418,RedWin
50,2,1,6894,RedWin
50,2,1,1931,RedWin
50,2,1,30101,RedWin
50,2,1,16519,RedWin
50,2,1,3817,RedWin
50,2,1,27665,RedWin
50,2,1,4448,RedWin
50,2,1,23991,RedWin
50,2,1,7945,RedWin
50,2,1,4194,RedWin
50,2,1,15828,RedWin
50,2,1,25587,RedWin
50,2,1,6744,RedWin
50,2,1,16554,RedWin
50,2,1,26469,RedWin
50,2,1,6547,RedWin
50,2,1,1770,RedWin
50,2,1,1786,RedWin
50,2,1,4338,RedWin
50,2,1,618,RedWin
50,2,1,15522,RedWin
50,2,2,25764,RedWin
50,2,2,1036,BlueWin
50,2,2,22622,RedWin
50,2,2,4337,RedWin
50,2,2,27714,RedWin
50,2,2,3962,RedWin
50,2,2,10084,RedWin
50,2,2,19923,BlueWin
50,2,2,30953,RedWin
50,2,2,6327,RedWin
50,2,2,10255,RedWin
50,2,2,32476,BlueWin
50,2,2,20639,RedWin
50,2,2,2311,RedWin
50,2,2,21157,RedWin
50,2,2,24306,RedWin
50,2,2,702,BlueWin
50,2,2,10655,BlueWin
50,2,2,5420,RedWin
50,2,2,5297,RedWin
50,2,2,5360,RedWin
50,2,2,15508,BlueWin
50,2,2,20777,BlueWin
50,2,2,29771,BlueWin
50,2,2,6902,BlueWin
50,2,2,4024,RedWin
50,2,2,5839,RedWin
50,2,2,2585,RedWin
50,2,2,3761,RedWin
50,2,2,9760,RedWin
50,2,2,4298,BlueWin
50,2,2,24353,RedWin
50,2,2,3421,BlueWin
50,2,2,4762,BlueWin
50,2,2,20927,RedWin
50,2,2,53,RedWin
50,2,2,6418,BlueWin
50,2,2,30247,RedWin
50,2,2,14591,RedWin
50,2,2,8543,RedWin
50,2,2,30763,BlueWin
50,2,2,23412,RedWin
50,2,2,14122,BlueWin
50,2,2,11874,RedWin
50,2,2,14392,BlueWin
50,2,2,6995,BlueWin
50,2,2,4458,RedWin
50,2,2,32444,RedWin
50,2,2,4690,RedWin
50,2,2,22807,RedWin
50,2,2,30885,BlueWin
50,2,2,8559,BlueWin
50,2,2,11043,RedWin
50,2,2,14505,BlueWin
50,2,2,26595,BlueWin
50,2,2,7367,RedWin
50,2,2,27774,RedWin
50,2,2,28564,BlueWin
50,2,2,3742,RedWin
50,2,2,20853,BlueWin
50,2,2,660,RedWin
50,2,2,28281,RedWin
50,2,2,32205,RedWin
50,2,2,10155,RedWin
50,2,2,32673,RedWin
50,2,2,19628,BlueWin
50,2,2,22102,BlueWin
50,2,2,16138,BlueWin
50,2,2,14175,BlueWin
50,2,2,17485,RedWin
50,2,2,13530,RedWin
50,2,2,25193,BlueWin
50,2,2,813,RedWin
50,2,2,10172,RedWin
50,2,2,25987,RedWin
50,2,2,2542,BlueWin
50,2,2,30069,BlueWin
50,2,2,31282,RedWin
50,2,2,2358,BlueWin
50,2,2,22862,RedWin
50,2,2,6502,RedWin
50,2,2,10486,RedWin
50,2,2,24418,RedWin
50,2,2,18694,RedWin
50,2,2,13399,RedWin
50,2,2,28387,BlueWin
50,2,2,7753,RedWin
50,2,2,2152,BlueWin
50,2,2,28021,BlueWin
50,2,2,10786,RedWin
50,2,2,19500,BlueWin
50,2,2,6676,BlueWin
50,2,2,7446,RedWin
50,2,2,20494,BlueWin
50,2,2,1665,RedWin
50,2,2,3372,BlueWin
50,2,2,27520,BlueWin
50,2,2,20184,Draw
50,2,2,32015,BlueWin
50,2,2,6727,BlueWin
100,0,0,21244,RedWin
100,0,0,18697,BlueWin
100,0,0,2635,RedWin
100,0,0,30077,BlueWin
100,0,0,29088,RedWin
100,0,0,26507,BlueWin
100,0,0,2788,RedWin
100,0,0,10434,BlueWin
100,0,0,3341,RedWin
100,0,0,1860,BlueWin
100,0,0,9104,RedWin
100,0,0,23790,RedWin
100,0,0,4047,RedWin
100,0,0,30643,RedWin
100,0,0,14178,RedWin
100,0,0,10483,BlueWin
100,0,0,32515,BlueWin
100,0,0,12923,BlueWin
100,0,0,23163,BlueWin
100,0,0,23036,RedWin
100,0,0,22761,RedWin
100,0,0,22345,RedWin
100,0,0,1219,BlueWin
100,0,0,19799,RedWin
100,0,0,5984,BlueWin
100,0,0,11874,BlueWin
100,0,0,11451,RedWin
100,0,0,11256,RedWin
100,0,0,19248,BlueWin
100,0,0,26688,RedWin
100,0,0,25236,RedWin
100,0,0,497,RedWin
100,0,0,9625,RedWin
100,0,0,132,RedWin
100,0,0,4192,BlueWin
100,0,0,19020,BlueWin
100,0,0,21604,BlueWin
100,0,0,32755,RedWin
100,0,0,27660,RedWin
100,0,0,9668,BlueWin
100,0,0,28042,BlueWin
100,0,0,14597,RedWin
100,0,0,8702,BlueWin
100,0,0,18258,RedWin
100,0,0,26931,BlueWin
100,0,0,18436,RedWin
100,0,0,508,RedWin
100,0,0,20618,BlueWin
100,0,0,17152,RedWin
100,0,0,14924,BlueWin
100,0,0,1710,RedWin
100,0,0,4377,RedWin
100,0,0,15848,BlueWin
100,0,0,21772,BlueWin
100,0,0,3152,BlueWin
100,0,0,31232,RedWin
100,0,0,16476,BlueWin
100,0,0,29617,BlueWin
100,0,0,10464,BlueWin
100,0,0,16031,BlueWin
100,0,0,15619,BlueWin
100,0,0,17134,RedWin
100,0,0,6600,BlueWin
100,0,0,17542,BlueWin
100,0,0,18197,RedWin
100,0,0,25251,RedWin
100,0,0,20508,BlueWin
100,0,0,1048,BlueWin
100,0,0,19633,BlueWin
100,0,0,10515,RedWin
100,0,0,9357,BlueWin
100,0,0,18003,RedWin
100,0,0,3711,BlueWin
100,0,0,23863,RedWin
100,0,0,31825,RedWin
100,0,0,18029,BlueWin
100,0,0,19307,BlueWin
100,0,0,1371,BlueWin
100,0,0,10791,RedWin
100,0,0,5230,BlueWin
100,0,0,27802,RedWin
100,0,0,6593,BlueWin
100,0,0,26458,RedWin
100,0,0,18197,RedWin
100,0,0,18163,RedWin
100,0,0,6045,BlueWin
100,0,0,20057,RedWin
100,0,0,13986,RedWin
100,0,0,22937,RedWin
100,0,0,22661,BlueWin
100,0,0,10823,BlueWin
100,0,0,21306,BlueWin
100,0,0,10951,BlueWin
100,0,0,30440,BlueWin
100,0,0,10479,RedWin
100,0,0,31441,BlueWin
100,0,0,26922,RedWin
100,0,0,27044,RedWin
100,0,0,19233,RedWin
100,0,0,32588,BlueWin
100,0,1,31933,RedWin
100,0,1,1473,RedWin
100,0,1,23382,RedWin
100,0,1,5522,RedWin
100,0,1,23170,RedWin
100,0,1,19263,RedWin
100,0,1,9514,RedWin
100,0,1,9704,RedWin
100,0,1,10848,RedWin
100,0,1,2384,RedWin
100,0,1,30296,RedWin
100,0,1,10548,RedWin
100,0,1,17653,RedWin
100,0,1,26678,RedWin
100,0,1,16790,RedWin
100,0,1,6297,RedWin
100,0,1,4899,RedWin
100,0,1,24993,RedWin
100,0,1,5354,RedWin
100,0,1,7765,RedWin
100,0,1,5905,RedWin
100,0,1,1329,RedWin
100,0,1,28746,RedWin
100,0,1,15628,RedWin
100,0,1,30380,RedWin
100,0,1,18532,RedWin
100,0,1,13369,RedWin
100,0,1,2703,RedWin
100,0,1,13185,RedWin
100,0,1,1053,RedWin
100,0,1,6605,RedWin
100,0,1,102,RedWin
100,0,1,21498,RedWin
100,0,1,31915,RedWin
100,0,1,26526,RedWin
100,0,1,19627,RedWin
100,0,1,5011,RedWin
100,0,1,9441,RedWin
100,0,1,28557,RedWin
100,0,1,8330,RedWin
100,0,1,22057,RedWin
100,0,1,14838,RedWin
100,0,1,25671,RedWin
100,0,1,1647,RedWin
100,0,1,25014,RedWin
100,0,1,13245,RedWin
100,0,1,26384,RedWin
100,0,1,31783,RedWin
100,0,1,7125,RedWin
100,0,1,22084,RedWin
100,0,1,9871,RedWin
100,0,1,32123,RedWin
100,0,1,21811,RedWin
100,0,1,17451,RedWin
100,0,1,1844,RedWin
100,0,1,7610,RedWin
100,0,1,9874,RedWin
100,0,1,25724,RedWin
100,0,1,3137,RedWin
100,0,1,10467,RedWin
100,0,1,21262,RedWin
100,0,1,18424,RedWin
100,0,1,10455,RedWin
100,0,1,27857,RedWin
100,0,1,6215,RedWin
100,0,1,31357,RedWin
100,0,1,13711,RedWin
100,0,1,22604,RedWin
100,0,1,1957,RedWin
100,0,1,32121,RedWin
100,0,1,6790,RedWin
100,0,1,23882,RedWin
100,0,1,16899,RedWin
100,0,1,22854,RedWin
100,0,1,6297,RedWin
100,0,1,5851,RedWin
100,0,1,13946,RedWin
100,0,1,7771,RedWin
100,0,1,4005,RedWin
100,0,1,13451,RedWin
100,0,1,15530,RedWin
100,0,1,21234,RedWin
100,0,1,15052,RedWin
100,0,1,16819,RedWin
100,0,1,31118,RedWin
100,0,1,3873,RedWin
100,0,1,23406,RedWin
100,0,1,14373,RedWin
100,0,1,15320,RedWin
100,0,1,26593,RedWin
100,0,1,27503,RedWin
100,0,1,31983,RedWin
100,0,1,18767,RedWin
100,0,1,6509,RedWin
100,0,1,30077,RedWin
100,0,1,3713,RedWin
100,0,1,21258,RedWin
100,0,1,30137,RedWin
100,0,1,27059,RedWin
100,0,1,6001,RedWin
100,0,2,32546,RedWin
100,0,2,14188,BlueWin
100,0,2,11770,BlueWin
100,0,2,6586,RedWin
100,0,2,10724,RedWin
100,0,2,21203,BlueWin
100,0,2,17553,RedWin
100,0,2,7547,RedWin
100,0,2,151,RedWin
100,0,2,27703,BlueWin
100,0,2,12140,RedWin
100,0,2,30078,BlueWin
100,0,2,19580,RedWin
100,0,2,24909,RedWin
100,0,2,15250,RedWin
100,0,2,1664,BlueWin
100,0,2,31435,BlueWin
100,0,2,25530,RedWin
100,0,2,1191,BlueWin
100,0,2,1323,RedWin
100,0,2,19344,RedWin
100,0,2,27592,BlueWin
100,0,2,17600,RedWin
100,0,2,10066,BlueWin
100,0,2,7383,BlueWin
100,0,2,31016,BlueWin
100,0,2,15182,RedWin
100,0,2,12837,RedWin
100,0,2,8492,RedWin
100,0,2,28724,BlueWin
100,0,2,9931,RedWin
100,0,2,30402,BlueWin
100,0,2,16074,BlueWin
100,0,2,29500,RedWin
100,0,2,5736,BlueWin
100,0,2,6941,BlueWin
100,0,2,17685,RedWin
100,0,2,4812,BlueWin
100,0,2,20246,BlueWin
100,0,2,27832,RedWin
100,0,2,25277,BlueWin
100,0,2,6101,RedWin
100,0,2,19202,RedWin
100,0,2,29289,BlueWin
100,0,2,3146,RedWin
100,0,2,27563,RedWin
100,0,2,17260,RedWin
100,0,2,27080,RedWin
100,0,2,21081,RedWin
100,0,2,27882,BlueWin
100,0,2,12854,RedWin
100,0,2,10265,RedWin
100,0,2,8541,BlueWin
100,0,2,30912,RedWin
100,0,2,13867,RedWin
100,0,2,32441,RedWin
100,0,2,21367,BlueWin
100,0,2,25372,RedWin
100,0,2,26036,BlueWin
100,0,2,17410,RedWin
100,0,2,6120,BlueWin
100,0,2,14197,RedWin
100,0,2,3492,BlueWin
100,0,2,10266,RedWin
100,0,2,22703,RedWin
100,0,2,28005,RedWin
100,0,2,7075,BlueWin
100,0,2,861,BlueWin
100,0,2,21536,RedWin
100,0,2,11713,RedWin
100,0,2,24229,BlueWin
100,0,2,15649,BlueWin
100,0,2,31857,BlueWin
100,0,2,32082,BlueWin
100,0,2,7923,RedWin
100,0,2,1429,BlueWin
100,0,2,3020,BlueWin
100,0,2,993,BlueWin
100,0,2,17294,RedWin
100,0,2,21628,BlueWin
100,0,2,17684,BlueWin
100,0,2,15544,BlueWin
100,0,2,3339,BlueWin
100,0,2,23149,RedWin
100,0,2,26220,BlueWin
100,0,2,20596,RedWin
100,0,2,9796,BlueWin
100,0,2,17634,BlueWin
100,0,2,31665,RedWin
100,0,2,20257,BlueWin
100,0,2,3439,RedWin
100,0,2,881,RedWin
100,0,2,8918,RedWin
100,0,2,10570,RedWin
100,0,2,24547,RedWin
100,0,2,18639,BlueWin
100,0,2,7924,BlueWin
100,0,2,24949,RedWin
100,0,2,31092,BlueWin
100,0,2,20212,BlueWin
100,1,0,5439,BlueWin
100,1,0,28654,BlueWin
100,1,0,5324,BlueWin
100,1,0,4073,BlueWin
100,1,0,16401,BlueWin
100,1,0,22840,BlueWin
100,1,0,7354,BlueWin
100,1,0,4525,BlueWin
100,1,0,1707,BlueWin
100,1,0,22738,BlueWin
100,1,0,23360,BlueWin
100,1,0,26168,BlueWin
100,1,0,933,BlueWin
100,1,0,26919,BlueWin
100,1,0,9948,BlueWin
100,1,0,29674,BlueWin
100,1,0,3869,BlueWin
100,1,0,28753,BlueWin
100,1,0,29962,BlueWin
100,1,0,5414,BlueWin
100,1,0,50,BlueWin
100,1,0,31687,BlueWin
100,1,0,29881,BlueWin
100,1,0,11221,BlueWin
100,1,0,22485,BlueWin
100,1,0,2927,BlueWin
100,1,0,16211,BlueWin
100,1,0,28235,BlueWin
100,1,0,14924,BlueWin
100,1,0,24640,BlueWin
100,1,0,6963,BlueWin
100,1,0,23195,BlueWin
100,1,0,12672,BlueWin
100,1,0,20060,BlueWin
100,1,0,15066,BlueWin
100,1,0,27010,BlueWin
100,1,0,31931,BlueWin
100,1,0,27195,BlueWin
100,1,0,24086,BlueWin
100,1,0,31243,BlueWin
100,1,0,6273,BlueWin
100,1,0,17687,BlueWin
100,1,0,10309,BlueWin
100,1,0,23382,BlueWin
100,1,0,30850,BlueWin
100,1,0,21769,BlueWin
100,1,0,23654,BlueWin
100,1,0,12825,BlueWin
100,1,0,6089,BlueWin
100,1,0,3476,BlueWin
100,1,0,8565,BlueWin
100,1,0,12460,BlueWin
100,1,0,8319,BlueWin
100,1,0,5346,BlueWin
100,1,0,1159,BlueWin
100,1,0,23725,BlueWin
100,1,0,1852,BlueWin
100,1,0,5832,BlueWin
100,1,0,25796,BlueWin
100,1,0,1018,BlueWin
100,1,0,17111,BlueWin
100,1,0,27792,BlueWin
100,1,0,25202,BlueWin
100,1,0,23498,BlueWin
100,1,0,25930,BlueWin
100,1,0,31587,BlueWin
100,1,0,25040,BlueWin
100,1,0,16870,BlueWin
100,1,0,30632,BlueWin
100,1,0,22007,BlueWin
100,1,0,1267,BlueWin
100,1,0,11749,BlueWin
100,1,0,14607,BlueWin
100,1,0,13623,BlueWin
100,1,0,21508,BlueWin
100,1,0,22354,BlueWin
100,1,0,18847,BlueWin
100,1,0,5240,BlueWin
100,1,0,26758,BlueWin
100,1,0,15347,BlueWin
100,1,0,25451,BlueWin
100,1,0,14697,BlueWin
100,1,0,15310,BlueWin
100,1,0,30908,BlueWin
100,1,0,6722,BlueWin
100,1,0,32671,BlueWin
100,1,0,9939,BlueWin
100,1,0,6523,BlueWin
100,1,0,25054,BlueWin
100,1,0,17278,BlueWin
100,1,0,10458,BlueWin
100,1,0,2055,BlueWin
100,1,0,12828,BlueWin
100,1,0,30617,BlueWin
100,1,0,24660,BlueWin
100,1,0,19007,BlueWin
100,1,0,5182,BlueWin
100,1,0,32080,BlueWin
100,1,0,4873,BlueWin
100,1,0,18198,BlueWin
100,1,1,31576,Draw
100,1,1,24325,Draw
100,1,1,17237,Draw
100,1,1,9416,Draw
100,1,1,31433,Draw
100,1,1,15596,Draw
100,1,1,26567,Draw
100,1,1,31253,Draw
100,1,1,7062,Draw
100,1,1,9900,Draw
100,1,1,28244,Draw
100,1,1,31300,Draw
100,1,1,4593,Draw
100,1,1,32155,Draw
100,1,1,22411,Draw
100,1,1,27667,Draw
100,1,1,24853,Draw
100,1,1,21882,Draw
100,1,1,24101,Draw
100,1,1,2765,Draw
100,1,1,21006,Draw
100,1,1,15974,Draw
100,1,1,11723,Draw
100,1,1,1810,Draw
100,1,1,23121,Draw
100,1,1,31940,Draw
100,1,1,25569,Draw
100,1,1,30722,Draw
100,1,1,23629,Draw
100,1,1,25671,Draw
100,1,1,6624,Draw
100,1,1,29879,Draw
100,1,1,23053,Draw
100,1,1,6693,Draw
100,1,1,32179,Draw
100,1,1,7053,Draw
100,1,1,26540,Draw
100,1,1,2142,Draw
100,1,1,4049,Draw
100,1,1,1794,Draw
100,1,1,10089,Draw
100,1,1,30411,Draw
100,1,1,8834,Draw
100,1,1,11338,Draw
100,1,1,15576,Draw
100,1,1,18890,Draw
100,1,1,10779,Draw
100,1,1,2315,Draw
100,1,1,21629,Draw
100,1,1,23819,Draw
100,1,1,8286,Draw
100,1,1,14680,Draw
100,1,1,32557,Draw
100,1,1,6252,Draw
100,1,1,25859,Draw
100,1,1,24487,Draw
100,1,1,615,Draw
100,1,1,25371,Draw
100,1,1,9055,Draw
100,1,1,20485,Draw
100,1,1,811,Draw
100,1,1,14946,Draw
100,1,1,12818,Draw
100,1,1,23324,Draw
100,1,1,19220,Draw
100,1,1,4868,Draw
100,1,1,30314,Draw
100,1,1,13155,Draw
100,1,1,22402,Draw
100,1,1,22379,Draw
100,1,1,17631,Draw
100,1,1,8215,Draw
100,1,1,31345,Draw
100,1,1,11503,Draw
100,1,1,13572,Draw
100,1,1,9847,Draw
100,1,1,27572,Draw
100,1,1,154,Draw
100,1,1,9060,Draw
100,1,1,10424,Draw
100,1,1,28255,Draw
100,1,1,22657,Draw
100,1,1,10324,Draw
100,1,1,19350,Draw
100,1,1,8289,Draw
100,1,1,23938,Draw
100,1,1,15910,Draw
100,1,1,16441,Draw
100,1,1,5316,Draw
100,1,1,29910,Draw
100,1,1,16958,Draw
100,1,1,3823,Draw
100,1,1,28642,Draw
100,1,1,31623,Draw
100,1,1,31251,Draw
100,1,1,3017,Draw
100,1,1,23276,Draw
100,1,1,16252,Draw
100,1,1,721,Draw
100,1,1,2198,Draw
100,1,2,15889,BlueWin
100,1,2,21774,BlueWin
100,1,2,6833,BlueWin
100,1,2,5108,BlueWin
100,1,2,5768,BlueWin
100,1,2,30468,BlueWin
100,1,2,15115,BlueWin
100,1,2,23608,BlueWin
100,1,2,27324,BlueWin
100,1,2,6795,BlueWin
100,1,2,7897,BlueWin
100,1,2,18587,BlueWin
100,1,2,30756,BlueWin
100,1,2,12476,BlueWin
100,1,2,2247,BlueWin
100,1,2,22836,BlueWin
100,1,2,32585,BlueWin
100,1,2,18021,BlueWin
100,1,2,13278,BlueWin
100,1,2,22191,BlueWin
100,1,2,6975,BlueWin
100,1,2,28894,BlueWin
100,1,2,13690,BlueWin
100,1,2,5973,BlueWin
100,1,2,21676,BlueWin
100,1,2,3931,BlueWin
100,1,2,11047,BlueWin
100,1,2,16152,BlueWin
100,1,2,20790,BlueWin
100,1,2,12959,BlueWin
100,1,2,31589,BlueWin
100,1,2,12194,BlueWin
100,1,2,20751,BlueWin
100,1,2,28425,BlueWin
100,1,2,17405,BlueWin
100,1,2,15179,BlueWin
100,1,2,17893,BlueWin
100,1,2,31643,BlueWin
100,1,2,32266,BlueWin
100,1,2,24896,BlueWin
100,1,2,16244,BlueWin
100,1,2,25676,BlueWin
100,1,2,15156,BlueWin
100,1,2,28397,BlueWin
100,1,2,3245,BlueWin
100,1,2,25672,BlueWin
100,1,2,20281,BlueWin
100,1,2,22731,BlueWin
100,1,2,31252,BlueWin
100,1,2,22928,BlueWin
100,1,2,14278,BlueWin
100,1,2,14706,BlueWin
100,1,2,2520,BlueWin
100,1,2,21239,BlueWin
100,1,2,22776,BlueWin
100,1,2,8373,BlueWin
100,1,2,30934,BlueWin
100,1,2,13374,BlueWin
100,1,2,21862,BlueWin
100,1,2,13586,BlueWin
100,1,2,15329,BlueWin
100,1,2,22967,BlueWin
100,1,2,1544,BlueWin
100,1,2,726,BlueWin
100,1,2,22731,BlueWin
100,1,2,9063,BlueWin
100,1,2,20758,BlueWin
100,1,2,5088,BlueWin
100,1,2,25124,BlueWin
100,1,2,23771,BlueWin
100,1,2,23416,BlueWin
100,1,2,9355,BlueWin
100,1,2,13930,BlueWin
100,1,2,30172,BlueWin
100,1,2,16059,BlueWin
100,1,2,4190,BlueWin
100,1,2,11139,BlueWin
100,1,2,25832,BlueWin
100,1,2,26229,BlueWin
100,1,2,11127,BlueWin
100,1,2,5083,BlueWin
100,1,2,19851,BlueWin
100,1,2,27091,BlueWin
100,1,2,17337,BlueWin
100,1,2,13027,BlueWin
100,1,2,2070,BlueWin
100,1,2,3271,BlueWin
100,1,2,36,BlueWin
100,1,2,25916,BlueWin
100,1,2,26520,BlueWin
100,1,2,24014,BlueWin
100,1,2,1371,BlueWin
100,1,2,9341,BlueWin
100,1,2,10270,BlueWin
100,1,2,29503,BlueWin
100,1,2,17521,BlueWin
100,1,2,285,BlueWin
100,1,2,11178,BlueWin
100,1,2,16941,BlueWin
100,1,2,6701,BlueWin
100,2,0,6255,BlueWin
100,2,0,24199,RedWin
100,2,0,32628,BlueWin
100,2,0,12844,BlueWin
100,2,0,7251,BlueWin
100,2,0,4749,RedWin
100,2,0,283,BlueWin
100,2,0,15544,BlueWin
100,2,0,31786,BlueWin
100,2,0,13968,BlueWin
100,2,0,19860,BlueWin
100,2,0,27279,BlueWin
100,2,0,23061,RedWin
100,2,0,9661,RedWin
100,2,0,10211,RedWin
100,2,0,13978,RedWin
100,2,0,20965,RedWin
100,2,0,12658,RedWin
100,2,0,21157,BlueWin
100,2,0,22155,BlueWin
100,2,0,26673,BlueWin
100,2,0,2075,BlueWin
100,2,0,15294,RedWin
100,2,0,27618,BlueWin
100,2,0,24670,BlueWin
100,2,0,29822,RedWin
100,2,0,32626,RedWin
100,2,0,21286,BlueWin
100,2,0,30845,RedWin
100,2,0,22639,BlueWin
100,2,0,27298,RedWin
100,2,0,25314,RedWin
100,2,0,5193,RedWin
100,2,0,29986,RedWin
100,2,0,17552,BlueWin
100,2,0,26651,BlueWin
100,2,0,17686,RedWin
100,2,0,14361,RedWin
100,2,0,1075,RedWin
100,2,0,17915,RedWin
100,2,0,7639,RedWin
100,2,0,5766,BlueWin
100,2,0,28653,BlueWin
100,2,0,15040,RedWin
100,2,0,19240,BlueWin
100,2,0,13269,RedWin
100,2,0,414,RedWin
100,2,0,12313,RedWin
100,2,0,18144,RedWin
100,2,0,11556,RedWin
100,2,0,19041,RedWin
100,2,0,26111,BlueWin
100,2,0,1909,RedWin
100,2,0,5808,RedWin
100,2,0,1379,RedWin
100,2,0,10536,RedWin
100,2,0,10560,RedWin
100,2,0,20057,RedWin
100,2,0,23468,BlueWin
100,2,0,10148,BlueWin
100,2,0,6500,RedWin
100,2,0,30112,RedWin
100,2,0,23554,BlueWin
100,2,0,11472,RedWin
100,2,0,13227,BlueWin
100,2,0,11229,RedWin
100,2,0,30937,BlueWin
100,2,0,2996,BlueWin
100,2,0,26694,RedWin
100,2,0,239,RedWin
100,2,0,30742,BlueWin
100,2,0,9120,RedWin
100,2,0,25851,BlueWin
100,2,0,12393,BlueWin
100,2,0,30048,RedWin
100,2,0,11388,RedWin
100,2,0,12502,BlueWin
100,2,0,25628,RedWin
100,2,0,27526,BlueWin
100,2,0,24644,RedWin
100,2,0,15864,BlueWin
100,2,0,26672,RedWin
100,2,0,11229,RedWin
100,2,0,23930,RedWin
100,2,0,7077,RedWin
100,2,0,5441,RedWin
100,2,0,25179,RedWin
100,2,0,22011,RedWin
100,2,0,28686,RedWin
100,2,0,14284,RedWin
100,2,0,14301,RedWin
100,2,0,5918,BlueWin
100,2,0,21897,BlueWin
100,2,0,11068,BlueWin
100,2,0,9436,BlueWin
100,2,0,6713,RedWin
100,2,0,5665,BlueWin
100,2,0,26389,RedWin
100,2,0,11314,RedWin
100,2,0,6528,RedWin
100,2,1,13122,RedWin
100,2,1,17484,RedWin
100,2,1,29570,RedWin
100,2,1,7098,RedWin
100,2,1,21878,RedWin
100,2,1,28036,RedWin
100,2,1,1638,RedWin
100,2,1,15225,RedWin
100,2,1,14174,RedWin
100,2,1,114,RedWin
100,2,1,31585,RedWin
100,2,1,11585,RedWin
100,2,1,9025,RedWin
100,2,1,12686,RedWin
100,2,1,999,RedWin
100,2,1,19811,RedWin
100,2,1,12248,RedWin
100,2,1,5610,RedWin
100,2,1,16975,RedWin
100,2,1,31178,RedWin
100,2,1,18655,RedWin
100,2,1,17833,RedWin
100,2,1,2373,RedWin
100,2,1,14862,RedWin
100,2,1,7396,RedWin
100,2,1,29657,RedWin
100,2,1,26718,RedWin
100,2,1,5682,RedWin
100,2,1,14085,RedWin
100,2,1,24630,RedWin
100,2,1,13729,RedWin
100,2,1,1598,RedWin
100,2,1,31855,RedWin
100,2,1,6667,RedWin
100,2,1,19134,RedWin
100,2,1,1473,RedWin
100,2,1,31024,RedWin
100,2,1,23971,RedWin
100,2,1,7684,RedWin
100,2,1,14565,RedWin
100,2,1,22561,RedWin
100,2,1,27590,RedWin
100,2,1,5456,RedWin
100,2,1,28953,RedWin
100,2,1,19623,RedWin
100,2,1,9857,RedWin
100,2,1,4379,RedWin
100,2,1,12557,RedWin
100,2,1,20244,RedWin
100,2,1,12187,RedWin
100,2,1,6530,RedWin
100,2,1,25201,RedWin
100,2,1,2383,RedWin
100,2,1,20563,RedWin
100,2,1,6546,RedWin
100,2,1,26396,RedWin
100,2,1,4074,RedWin
100,2,1,30481,RedWin
100,2,1,8295,RedWin
100,2,1,23338,RedWin
100,2,1,16023,RedWin
100,2,1,16587,RedWin
100,2,1,25303,RedWin
100,2,1,16691,RedWin
100,2,1,4928,RedWin
100,2,1,2636,RedWin
100,2,1,12982,RedWin
100,2,1,31168,RedWin
100,2,1,12577,RedWin
100,2,1,31017,RedWin
100,2,1,30176,RedWin
100,2,1,380,RedWin
100,2,1,7718,RedWin
100,2,1,25358,RedWin
100,2,1,19829,RedWin
100,2,1,26690,RedWin
100,2,1,1577,RedWin
100,2,1,2742,RedWin
100,2,1,19595,RedWin
100,2,1,29536,RedWin
100,2,1,24762,RedWin
100,2,1,28308,RedWin
100,2,1,21914,RedWin
100,2,1,5799,RedWin
100,2,1,16804,RedWin
100,2,1,5485,RedWin
100,2,1,22185,RedWin
100,2,1,32234,RedWin
100,2,1,8482,RedWin
100,2,1,29696,RedWin
100,2,1,22256,RedWin
100,2,1,12012,RedWin
100,2,1,11165,RedWin
100,2,1,22329,RedWin
100,2,1,7598,RedWin
100,2,1,8457,RedWin
100,2,1,5633,RedWin
100,2,1,20425,RedWin
100,2,1,21548,RedWin
100,2,1,16401,RedWin
100,2,2,12454,RedWin
100,2,2,6786,RedWin
100,2,2,20767,RedWin
100,2,2,20940,RedWin
100,2,2,22489,BlueWin
100,2,2,9954,RedWin
100,2,2,19193,BlueWin
100,2,2,11966,RedWin
100,2,2,22140,RedWin
100,2,2,3628,RedWin
100,2,2,27474,RedWin
100,2,2,26013,BlueWin
100,2,2,14512,BlueWin
100,2,2,26642,RedWin
100,2,2,2488,BlueWin
100,2,2,6655,BlueWin
100,2,2,24879,BlueWin
100,2,2,4940,RedWin
100,2,2,25409,BlueWin
100,2,2,23241,BlueWin
100,2,2,24325,BlueWin
100,2,2,18789,BlueWin
100,2,2,15912,RedWin
100,2,2,20915,RedWin
100,2,2,22453,BlueWin
100,2,2,21327,RedWin
100,2,2,10280,RedWin
100,2,2,32000,RedWin
100,2,2,15409,RedWin
100,2,2,21073,BlueWin
100,2,2,21341,RedWin
100,2,2,15671,RedWin
100,2,2,281,RedWin
100,2,2,16946,RedWin
100,2,2,3582,RedWin
100,2,2,11853,BlueWin
100,2,2,30902,RedWin
100,2,2,6643,RedWin
100,2,2,22332,RedWin
100,2,2,14942,BlueWin
100,2,2,2738,BlueWin
100,2,2,13119,BlueWin
100,2,2,2965,RedWin
100,2,2,25598,RedWin
100,2,2,29716,BlueWin
100,2,2,20595,RedWin
100,2,2,14334,BlueWin
100,2,2,12602,BlueWin
100,2,2,31290,RedWin
100,2,2,8070,RedWin
100,2,2,7160,RedWin
100,2,2,28688,BlueWin
100,2,2,25853,RedWin
100,2,2,19988,BlueWin
100,2,2,16972,BlueWin
100,2,2,10276,BlueWin
100,2,2,28415,BlueWin
100,2,2,15887,RedWin
100,2,2,19904,BlueWin
100,2,2,1874,RedWin
100,2,2,10585,RedWin
100,2,2,19529,BlueWin
100,2,2,23687,RedWin
100,2,2,24208,RedWin
100,2,2,20951,RedWin
100,2,2,31814,BlueWin
100,2,2,1255,RedWin
100,2,2,30966,BlueWin
100,2,2,28153,BlueWin
100,2,2,31664,BlueWin
100,2,2,1516,BlueWin
100,2,2,19217,BlueWin
100,2,2,29529,BlueWin
100,2,2,1239,RedWin
100,2,2,24851,BlueWin
100,2,2,21289,RedWin
100,2,2,21048,RedWin
100,2,2,5441,RedWin
100,2,2,4543,RedWin
100,2,2,15119,RedWin
100,2,2,1704,RedWin
100,2,2,8400,RedWin
100,2,2,19297,RedWin
100,2,2,22996,RedWin
100,2,2,8354,BlueWin
100,2,2,2287,RedWin
100,2,2,14495,RedWin
100,2,2,21508,RedWin
100,2,2,29136,BlueWin
100,2,2,11634,RedWin
100,2,2,21426,RedWin
100,2,2,24137,RedWin
100,2,2,18464,RedWin
100,2,2,19343,BlueWin
100,2,2,20889,RedWin
100,2,2,13186,BlueWin
100,2,2,9676,BlueWin
100,2,2,923,RedWin
100,2,2,15613,RedWin
100,2,2,10096,BlueWin
300,0,0,24234,BlueWin
300,0,0,3054,RedWin
300,0,0,13997,BlueWin
300,0,0,9835,RedWin
300,0,0,31145,RedWin
300,0,0,32290,RedWin
300,0,0,4196,RedWin
300,0,0,17341,BlueWin
300,0,0,27250,RedWin
300,0,0,7735,BlueWin
300,0,0,21111,BlueWin
300,0,0,13195,BlueWin
300,0,0,4296,BlueWin
300,0,0,21266,BlueWin
300,0,0,30730,RedWin
300,0,0,23620,BlueWin
300,0,0,7286,RedWin
300,0,0,11367,BlueWin
300,0,0,23952,RedWin
300,0,0,21703,RedWin
300,0,0,1576,BlueWin
300,0,0,16695,BlueWin
300,0,0,15064,RedWin
300,0,0,22037,RedWin
300,0,0,11383,RedWin
300,0,0,30418,BlueWin
300,0,0,31032,RedWin
300,0,0,26075,RedWin
300,0,0,9232,RedWin
300,0,0,8712,BlueWin
300,0,0,28423,BlueWin
300,0,0,24159,RedWin
300,0,0,26088,RedWin
300,0,0,31608,BlueWin
300,0,0,10842,RedWin
300,0,0,6789,RedWin
300,0,0,13623,BlueWin
300,0,0,15664,RedWin
300,0,0,15143,RedWin
300,0,0,11544,BlueWin
300,0,0,11731,RedWin
300,0,0,5974,RedWin
300,0,0,8662,RedWin
300,0,0,26807,RedWin
300,0,0,27429,BlueWin
300,0,0,633,BlueWin
300,0,0,1013,BlueWin
300,0,0,23816,RedWin
300,0,0,18860,RedWin
300,0,0,30374,RedWin
300,0,0,14383,RedWin
300,0,0,19260,BlueWin
300,0,0,25516,RedWin
300,0,0,16688,RedWin
300,0,0,21360,RedWin
300,0,0,28917,BlueWin
300,0,0,28414,BlueWin
300,0,0,30053,RedWin
300,0,0,25462,RedWin
300,0,0,24129,BlueWin
300,0,0,1737,BlueWin
300,0,0,12778,RedWin
300,0,0,31333,RedWin
300,0,0,14799,BlueWin
300,0,0,17854,RedWin
300,0,0,18504,BlueWin
300,0,0,31407,RedWin
300,0,0,12741,BlueWin
300,0,0,1030,RedWin
300,0,0,18247,RedWin
300,0,0,14004,RedWin
300,0,0,27974,BlueWin
300,0,0,5146,RedWin
300,0,0,18335,BlueWin
300,0,0,12644,RedWin
300,0,0,11872,RedWin
300,0,0,12266,RedWin
300,0,0,21492,BlueWin
300,0,0,14860,BlueWin
300,0,0,7162,BlueWin
300,0,0,22994,RedWin
300,0,0,7644,RedWin
300,0,0,28307,BlueWin
300,0,0,6959,BlueWin
300,0,0,18050,RedWin
300,0,0,12729,BlueWin
300,0,0,32275,RedWin
300,0,0,11651,RedWin
300,0,0,12411,BlueWin
300,0,0,27920,BlueWin
300,0,0,29828,RedWin
300,0,0,16688,RedWin
300,0,0,24588,RedWin
300,0,0,13666,BlueWin
300,0,0,30006,RedWin
300,0,0,15981,RedWin
300,0,0,6078,RedWin
300,0,0,18241,RedWin
300,0,0,5130,BlueWin
300,0,0,19047,RedWin
300,0,1,19031,BlueWin
300,0,1,16266,RedWin
300,0,1,9896,RedWin
300,0,1,30774,BlueWin
300,0,1,16001,BlueWin
300,0,1,16823,BlueWin
300,0,1,29477,BlueWin
300,0,1,11911,BlueWin
300,0,1,16827,BlueWin
300,0,1,24349,BlueWin
300,0,1,27080,BlueWin
300,0,1,27392,BlueWin
300,0,1,28322,BlueWin
300,0,1,2741,BlueWin
300,0,1,7679,BlueWin
300,0,1,4246,RedWin
300,0,1,10158,RedWin
300,0,1,4724,BlueWin
300,0,1,5631,BlueWin
300,0,1,14986,BlueWin
300,0,1,20702,BlueWin
300,0,1,13015,BlueWin
300,0,1,27814,BlueWin
300,0,1,13533,BlueWin
300,0,1,7154,BlueWin
300,0,1,24378,BlueWin
300,0,1,23113,BlueWin
300,0,1,263,BlueWin
300,0,1,9808,BlueWin
300,0,1,22664,BlueWin
300,0,1,31028,BlueWin
300,0,1,18664,BlueWin
300,0,1,4821,BlueWin
300,0,1,28364,RedWin
300,0,1,19310,BlueWin
300,0,1,9608,RedWin
300,0,1,5549,BlueWin
300,0,1,13297,BlueWin
300,0,1,10989,RedWin
300,0,1,13773,RedWin
300,0,1,20632,BlueWin
300,0,1,20090,BlueWin
300,0,1,19385,BlueWin
300,0,1,8041,RedWin
300,0,1,17321,BlueWin
300,0,1,11173,RedWin
300,0,1,7292,BlueWin
300,0,1,13195,BlueWin
300,0,1,4397,BlueWin
300,0,1,24181,BlueWin
300,0,1,5161,BlueWin
300,0,1,11347,BlueWin
300,0,1,6494,BlueWin
300,0,1,1794,BlueWin
300,0,1,11817,BlueWin
300,0,1,16147,BlueWin
300,0,1,1621,BlueWin
300,0,1,21230,BlueWin
300,0,1,10700,BlueWin
300,0,1,11843,BlueWin
300,0,1,13424,BlueWin
300,0,1,20278,BlueWin
300,0,1,3861,BlueWin
300,0,1,18252,BlueWin
300,0,1,1864,RedWin
300,0,1,10301,BlueWin
300,0,1,22938,BlueWin
300,0,1,6777,BlueWin
300,0,1,3951,BlueWin
300,0,1,30363,BlueWin
300,0,1,18534,BlueWin
300,0,1,21628,BlueWin
300,0,1,16313,BlueWin
300,0,1,4647,RedWin
300,0,1,28843,BlueWin
300,0,1,9968,BlueWin
300,0,1,3072,BlueWin
300,0,1,27977,BlueWin
300,0,1,24621,BlueWin
300,0,1,21250,BlueWin
300,0,1,25181,BlueWin
300,0,1,26715,RedWin
300,0,1,17018,BlueWin
300,0,1,23185,BlueWin
300,0,1,3291,BlueWin
300,0,1,15253,BlueWin
300,0,1,29155,BlueWin
300,0,1,8581,RedWin
300,0,1,19860,RedWin
300,0,1,19634,RedWin
300,0,1,27046,BlueWin
300,0,1,6926,BlueWin
300,0,1,28458,BlueWin
300,0,1,22962,BlueWin
300,0,1,29635,BlueWin
300,0,1,2634,BlueWin
300,0,1,1513,BlueWin
300,0,1,6844,BlueWin
300,0,1,15996,BlueWin
300,0,1,20755,BlueWin
300,0,2,23053,RedWin
300,0,2,14018,BlueWin
300,0,2,7452,BlueWin
300,0,2,10671,RedWin
300,0,2,22686,BlueWin
300,0,2,942,BlueWin
300,0,2,15524,BlueWin
300,0,2,27432,RedWin
300,0,2,13096,RedWin
300,0,2,11489,RedWin
300,0,2,27442,BlueWin
300,0,2,22916,BlueWin
300,0,2,2772,BlueWin
300,0,2,8868,RedWin
300,0,2,27745,RedWin
300,0,2,4876,BlueWin
300,0,2,537,RedWin
300,0,2,14349,RedWin
300,0,2,4714,BlueWin
300,0,2,10901,BlueWin
300,0,2,9019,RedWin
300,0,2,8525,BlueWin
300,0,2,25065,RedWin
300,0,2,9048,BlueWin
300,0,2,223,BlueWin
300,0,2,22457,RedWin
300,0,2,15399,RedWin
300,0,2,16721,BlueWin
300,0,2,18547,RedWin
300,0,2,2024,BlueWin
300,0,2,6531,BlueWin
300,0,2,3801,RedWin
300,0,2,372,RedWin
300,0,2,28045,BlueWin
300,0,2,22986,BlueWin
300,0,2,27670,RedWin
300,0,2,11997,BlueWin
300,0,2,12157,BlueWin
300,0,2,21206,BlueWin
300,0,2,7949,RedWin
300,0,2,16068,BlueWin
300,0,2,25224,BlueWin
300,0,2,32131,BlueWin
300,0,2,12196,BlueWin
300,0,2,22855,RedWin
300,0,2,32154,RedWin
300,0,2,15599,BlueWin
300,0,2,10886,RedWin
300,0,2,20864,BlueWin
300,0,2,12417,BlueWin
300,0,2,31800,BlueWin
300,0,2,24490,RedWin
300,0,2,6000,RedWin
300,0,2,17022,BlueWin
300,0,2,30294,BlueWin
300,0,2,17912,BlueWin
300,0,2,8975,BlueWin
300,0,2,26061,BlueWin
300,0,2,5626,RedWin
300,0,2,24146,RedWin
300,0,2,27313,BlueWin
300,0,2,15597,RedWin
300,0,2,4773,BlueWin
300,0,2,14933,RedWin
300,0,2,18587,RedWin
300,0,2,30843,BlueWin
300,0,2,31852,RedWin
300,0,2,7169,RedWin
300,0,2,5875,RedWin
300,0,2,19743,RedWin
300,0,2,25465,BlueWin
300,0,2,11578,BlueWin
300,0,2,26619,BlueWin
300,0,2,16199,BlueWin
300,0,2,24336,BlueWin
300,0,2,13926,BlueWin
300,0,2,8665,BlueWin
300,0,2,11756,RedWin
300,0,2,27522,BlueWin
300,0,2,15094,RedWin
300,0,2,2008,BlueWin
300,0,2,5049,RedWin
300,0,2,169,BlueWin
300,0,2,30865,BlueWin
300,0,2,1037,BlueWin
300,0,2,5277,RedWin
300,0,2,22394,RedWin
300,0,2,6365,BlueWin
300,0,2,28875,RedWin
300,0,2,12997,RedWin
300,0,2,19481,RedWin
300,0,2,5268,RedWin
300,0,2,14362,RedWin
300,0,2,17023,RedWin
300,0,2,15963,BlueWin
300,0,2,2008,BlueWin
300,0,2,8249,RedWin
300,0,2,2314,RedWin
300,0,2,28636,BlueWin
300,0,2,4938,BlueWin
300,1,0,31624,RedWin
300,1,0,13704,RedWin
300,1,0,4026,RedWin
300,1,0,13022,RedWin
300,1,0,9785,RedWin
300,1,0,26971,BlueWin
300,1,0,24009,RedWin
300,1,0,22182,RedWin
300,1,0,21075,BlueWin
300,1,0,26503,RedWin
300,1,0,1594,RedWin
300,1,0,25931,RedWin
300,1,0,10824,RedWin
300,1,0,30031,RedWin
300,1,0,21114,RedWin
300,1,0,29125,BlueWin
300,1,0,31891,RedWin
300,1,0,9805,RedWin
300,1,0,15401,RedWin
300,1,0,13904,RedWin
300,1,0,19700,BlueWin
300,1,0,22811,RedWin
300,1,0,1013,RedWin
300,1,0,30675,RedWin
300,1,0,26765,RedWin
300,1,0,3359,BlueWin
300,1,0,31261,RedWin
300,1,0,16812,RedWin
300,1,0,9176,BlueWin
300,1,0,26595,RedWin
300,1,0,8075,RedWin
300,1,0,768,BlueWin
300,1,0,3211,RedWin
300,1,0,14654,BlueWin
300,1,0,19881,BlueWin
300,1,0,18562,RedWin
300,1,0,24683,RedWin
300,1,0,10757,RedWin
300,1,0,27764,RedWin
300,1,0,22420,RedWin
300,1,0,14688,BlueWin
300,1,0,25661,RedWin
300,1,0,25815,RedWin
300,1,0,29038,RedWin
300,1,0,4626,RedWin
300,1,0,29987,RedWin
300,1,0,26617,RedWin
300,1,0,9159,RedWin
300,1,0,30181,RedWin
300,1,0,11288,RedWin
300,1,0,24784,RedWin
300,1,0,3182,RedWin
300,1,0,3905,RedWin
300,1,0,233,RedWin
300,1,0,31604,RedWin
300,1,0,1599,RedWin
300,1,0,7703,RedWin
300,1,0,7060,RedWin
300,1,0,4742,BlueWin
300,1,0,12981,RedWin
300,1,0,8589,RedWin
300,1,0,21804,RedWin
300,1,0,22884,RedWin
300,1,0,29643,RedWin
300,1,0,21340,RedWin
300,1,0,27846,RedWin
300,1,0,30108,BlueWin
300,1,0,22171,RedWin
300,1,0,28825,RedWin
300,1,0,24605,RedWin
300,1,0,5809,RedWin
300,1,0,21666,RedWin
300,1,0,28880,RedWin
300,1,0,32522,RedWin
300,1,0,1575,RedWin
300,1,0,10946,RedWin
300,1,0,16844,RedWin
300,1,0,24799,RedWin
300,1,0,28511,RedWin
300,1,0,26856,RedWin
300,1,0,3310,RedWin
300,1,0,3358,RedWin
300,1,0,26661,RedWin
300,1,0,3924,RedWin
300,1,0,32354,RedWin
300,1,0,138,RedWin
300,1,0,16,RedWin
300,1,0,18105,RedWin
300,1,0,8478,RedWin
300,1,0,21325,RedWin
300,1,0,2199,BlueWin
300,1,0,32112,RedWin
300,1,0,28721,RedWin
300,1,0,18246,RedWin
300,1,0,26931,BlueWin
300,1,0,18489,RedWin
300,1,0,16610,BlueWin
300,1,0,18046,RedWin
300,1,0,12495,RedWin
300,1,0,26339,RedWin
300,1,1,26694,Draw
300,1,1,31651,Draw
300,1,1,12005,Draw
300,1,1,20885,Draw
300,1,1,14648,Draw
300,1,1,3443,Draw
300,1,1,1993,Draw
300,1,1,18862,Draw
300,1,1,17856,Draw
300,1,1,21715,Draw
300,1,1,6029,Draw
300,1,1,25988,Draw
300,1,1,26553,Draw
300,1,1,21928,Draw
300,1,1,17215,Draw
300,1,1,825,Draw
300,1,1,5287,Draw
300,1,1,4197,Draw
300,1,1,1979,Draw
300,1,1,5563,Draw
300,1,1,13555,Draw
300,1,1,25234,Draw
300,1,1,25635,Draw
300,1,1,22024,Draw
300,1,1,17041,Draw
300,1,1,26452,Draw
300,1,1,29118,Draw
300,1,1,29311,Draw
300,1,1,8172,Draw
300,1,1,24,Draw
300,1,1,14726,Draw
300,1,1,13850,Draw
300,1,1,29400,Draw
300,1,1,22352,Draw
300,1,1,29821,Draw
300,1,1,26725,Draw
300,1,1,31624,Draw
300,1,1,15166,Draw
300,1,1,4959,Draw
300,1,1,28146,Draw
300,1,1,17093,Draw
300,1,1,21688,Draw
300,1,1,7798,Draw
300,1,1,30322,Draw
300,1,1,17360,Draw
300,1,1,5142,Draw
300,1,1,21874,Draw
300,1,1,17045,Draw
300,1,1,1392,Draw
300,1,1,2651,Draw
300,1,1,25380,Draw
300,1,1,23825,Draw
300,1,1,10608,Draw
300,1,1,6325,Draw
300,1,1,11962,Draw
300,1,1,21638,Draw
300,1,1,24106,Draw
300,1,1,6591,Draw
300,1,1,292,Draw
300,1,1,9206,Draw
300,1,1,5429,Draw
300,1,1,31002,Draw
300,1,1,16447,Draw
300,1,1,29389,Draw
300,1,1,30342,Draw
300,1,1,27524,Draw
300,1,1,14261,Draw
300,1,1,22047,Draw
300,1,1,4955,Draw
300,1,1,31267,Draw
300,1,1,8172,Draw
300,1,1,23113,Draw
300,1,1,11299,Draw
300,1,1,20755,Draw
300,1,1,29487,Draw
300,1,1,18985,Draw
300,1,1,19967,Draw
300,1,1,13069,Draw
300,1,1,9488,Draw
300,1,1,16246,Draw
300,1,1,25433,Draw
300,1,1,28641,Draw
300,1,1,8755,Draw
300,1,1,28202,Draw
300,1,1,17075,Draw
300,1,1,11033,Draw
300,1,1,5707,Draw
300,1,1,21310,Draw
300,1,1,4774,Draw
300,1,1,26114,Draw
300,1,1,15836,Draw
300,1,1,18930,Draw
300,1,1,21599,Draw
300,1,1,11061,Draw
300,1,1,19033,Draw
300,1,1,22962,Draw
300,1,1,19658,Draw
300,1,1,32681,Draw
300,1,1,15988,Draw
300,1,1,26261,Draw
300,1,2,25463,RedWin
300,1,2,22385,RedWin
300,1,2,18804,RedWin
300,1,2,7621,RedWin
300,1,2,7819,RedWin
300,1,2,29577,RedWin
300,1,2,22757,RedWin
300,1,2,22710,RedWin
300,1,2,8515,BlueWin
300,1,2,29914,RedWin
300,1,2,20812,RedWin
300,1,2,31250,RedWin
300,1,2,25695,RedWin
300,1,2,7356,BlueWin
300,1,2,14712,RedWin
300,1,2,31913,RedWin
300,1,2,26455,RedWin
300,1,2,10379,BlueWin
300,1,2,21201,BlueWin
300,1,2,19575,RedWin
300,1,2,18334,RedWin
300,1,2,24555,BlueWin
300,1,2,21531,BlueWin
300,1,2,16538,RedWin
300,1,2,18283,RedWin
300,1,2,18337,RedWin
300,1,2,23130,RedWin
300,1,2,21535,RedWin
300,1,2,17157,RedWin
300,1,2,1500,BlueWin
300,1,2,16663,RedWin
300,1,2,3077,RedWin
300,1,2,9625,BlueWin
300,1,2,7710,RedWin
300,1,2,22117,RedWin
300,1,2,14775,BlueWin
300,1,2,12935,RedWin
300,1,2,22059,RedWin
300,1,2,14129,RedWin
300,1,2,10561,RedWin
300,1,2,8899,BlueWin
300,1,2,20197,RedWin
300,1,2,20859,RedWin
300,1,2,29264,RedWin
300,1,2,571,BlueWin
300,1,2,3136,RedWin
300,1,2,16962,RedWin
300,1,2,8525,RedWin
300,1,2,18843,RedWin
300,1,2,29698,BlueWin
300,1,2,16727,RedWin
300,1,2,30010,BlueWin
300,1,2,15441,RedWin
300,1,2,4014,RedWin
300,1,2,5555,RedWin
300,1,2,14614,RedWin
300,1,2,3602,RedWin
300,1,2,19561,RedWin
300,1,2,15858,RedWin
300,1,2,25423,RedWin
300,1,2,26878,RedWin
300,1,2,1831,RedWin
300,1,2,9172,RedWin
300,1,2,25720,RedWin
300,1,2,7236,BlueWin
300,1,2,15375,RedWin
300,1,2,1961,RedWin
300,1,2,1423,BlueWin
300,1,2,30666,BlueWin
300,1,2,29250,RedWin
300,1,2,31004,RedWin
300,1,2,23955,RedWin
300,1,2,25394,RedWin
300,1,2,32316,RedWin
300,1,2,12600,RedWin
300,1,2,32672,RedWin
300,1,2,32573,RedWin
300,1,2,15111,RedWin
300,1,2,32083,RedWin
300,1,2,2314,RedWin
300,1,2,9502,RedWin
300,1,2,31542,BlueWin
300,1,2,14917,RedWin
300,1,2,5784,RedWin
300,1,2,3105,RedWin
300,1,2,23123,RedWin
300,1,2,9322,RedWin
300,1,2,20616,RedWin
300,1,2,15998,RedWin
300,1,2,26892,RedWin
300,1,2,12472,RedWin
300,1,2,721,RedWin
300,1,2,27144,RedWin
300,1,2,23392,RedWin
300,1,2,15000,RedWin
300,1,2,27465,RedWin
300,1,2,9434,RedWin
300,1,2,4581,BlueWin
300,1,2,3803,RedWin
300,1,2,25109,BlueWin
300,2,0,28160,BlueWin
300,2,0,20816,RedWin
300,2,0,25477,BlueWin
300,2,0,18385,BlueWin
300,2,0,31298,BlueWin
300,2,0,17164,RedWin
300,2,0,27994,BlueWin
300,2,0,24326,RedWin
300,2,0,10218,BlueWin
300,2,0,6798,BlueWin
300,2,0,24773,BlueWin
300,2,0,25684,RedWin
300,2,0,25313,RedWin
300,2,0,10876,RedWin
300,2,0,22386,RedWin
300,2,0,1152,RedWin
300,2,0,30745,BlueWin
300,2,0,28204,BlueWin
300,2,0,9265,RedWin
300,2,0,15162,RedWin
300,2,0,30426,BlueWin
300,2,0,737,BlueWin
300,2,0,17055,RedWin
300,2,0,22479,BlueWin
300,2,0,26813,RedWin
300,2,0,429,BlueWin
300,2,0,3475,BlueWin
300,2,0,23445,RedWin
300,2,0,20301,RedWin
300,2,0,25646,BlueWin
300,2,0,10369,BlueWin
300,2,0,17058,BlueWin
300,2,0,10511,BlueWin
300,2,0,22759,BlueWin
300,2,0,11927,BlueWin
300,2,0,28276,RedWin
300,2,0,6605,RedWin
300,2,0,8267,BlueWin
300,2,0,18225,RedWin
300,2,0,30678,RedWin
300,2,0,10237,RedWin
300,2,0,27600,RedWin
300,2,0,12304,RedWin
300,2,0,3101,RedWin
300,2,0,18558,BlueWin
300,2,0,22714,RedWin
300,2,0,13944,RedWin
300,2,0,12844,RedWin
300,2,0,31518,RedWin
300,2,0,10648,BlueWin
300,2,0,15409,RedWin
300,2,0,16900,RedWin
300,2,0,13105,BlueWin
300,2,0,788,RedWin
300,2,0,10233,BlueWin
300,2,0,28228,BlueWin
300,2,0,13906,RedWin
300,2,0,29451,BlueWin
300,2,0,4432,BlueWin
300,2,0,12154,BlueWin
300,2,0,9614,BlueWin
300,2,0,16177,BlueWin
300,2,0,21619,BlueWin
300,2,0,25009,BlueWin
300,2,0,18601,BlueWin
300,2,0,29719,RedWin
300,2,0,5079,RedWin
300,2,0,11694,RedWin
300,2,0,5907,RedWin
300,2,0,27149,BlueWin
300,2,0,11955,RedWin
300,2,0,10878,BlueWin
300,2,0,24239,BlueWin
300,2,0,20858,RedWin
300,2,0,21521,RedWin
300,2,0,20595,BlueWin
300,2,0,28174,RedWin
300,2,0,31223,BlueWin
300,2,0,31186,BlueWin
300,2,0,24880,RedWin
300,2,0,17539,RedWin
300,2,0,7437,RedWin
300,2,0,19619,BlueWin
300,2,0,7317,BlueWin
300,2,0,14017,BlueWin
300,2,0,31143,RedWin
300,2,0,30811,BlueWin
300,2,0,10117,RedWin
300,2,0,15836,BlueWin
300,2,0,25418,BlueWin
300,2,0,14209,RedWin
300,2,0,12996,BlueWin
300,2,0,31803,BlueWin
300,2,0,5868,BlueWin
300,2,0,1585,RedWin
300,2,0,5868,BlueWin
300,2,0,2831,RedWin
300,2,0,10525,BlueWin
300,2,0,18765,RedWin
300,2,0,29563,RedWin
300,2,1,9459,BlueWin
300,2,1,27029,RedWin
300,2,1,28785,BlueWin
300,2,1,14042,BlueWin
300,2,1,18995,BlueWin
300,2,1,3320,BlueWin
300,2,1,534,BlueWin
300,2,1,30981,BlueWin
300,2,1,22181,BlueWin
300,2,1,30518,BlueWin
300,2,1,14647,BlueWin
300,2,1,24399,BlueWin
300,2,1,18410,BlueWin
300,2,1,4918,BlueWin
300,2,1,18956,BlueWin
300,2,1,30687,BlueWin
300,2,1,4681,BlueWin
300,2,1,31625,BlueWin
300,2,1,32124,BlueWin
300,2,1,31328,RedWin
300,2,1,16557,BlueWin
300,2,1,9928,BlueWin
300,2,1,11884,BlueWin
300,2,1,22781,BlueWin
300,2,1,23054,RedWin
300,2,1,25569,BlueWin
300,2,1,31210,BlueWin
300,2,1,9850,BlueWin
300,2,1,6932,BlueWin
300,2,1,30496,BlueWin
300,2,1,27310,BlueWin
300,2,1,26895,BlueWin
300,2,1,27009,BlueWin
300,2,1,7186,BlueWin
300,2,1,9008,BlueWin
300,2,1,13104,BlueWin
300,2,1,20868,BlueWin
300,2,1,20046,BlueWin
300,2,1,1433,BlueWin
300,2,1,5497,BlueWin
300,2,1,25313,RedWin
300,2,1,11418,BlueWin
300,2,1,29019,BlueWin
300,2,1,4601,RedWin
300,2,1,32221,BlueWin
300,2,1,21739,RedWin
300,2,1,12499,BlueWin
300,2,1,31525,RedWin
300,2,1,23836,BlueWin
300,2,1,24065,BlueWin
300,2,1,12974,RedWin
300,2,1,25981,BlueWin
300,2,1,12580,BlueWin
300,2,1,16541,BlueWin
300,2,1,7408,RedWin
300,2,1,25784,BlueWin
300,2,1,30653,BlueWin
300,2,1,8638,BlueWin
300,2,1,19598,BlueWin
300,2,1,14571,BlueWin
300,2,1,22679,BlueWin
300,2,1,22196,RedWin
300,2,1,29107,RedWin
300,2,1,17974,RedWin
300,2,1,2450,RedWin
300,2,1,29336,BlueWin
300,2,1,345,BlueWin
300,2,1,14482,BlueWin
300,2,1,11502,BlueWin
300,2,1,22312,BlueWin
300,2,1,12897,BlueWin
300,2,1,13867,BlueWin
300,2,1,20159,BlueWin
300,2,1,25600,BlueWin
300,2,1,26640,RedWin
300,2,1,6722,BlueWin
300,2,1,5808,RedWin
300,2,1,11649,BlueWin
300,2,1,9123,BlueWin
300,2,1,18344,BlueWin
300,2,1,2989,BlueWin
300,2,1,16754,RedWin
300,2,1,13308,RedWin
300,2,1,9443,BlueWin
300,2,1,25296,BlueWin
300,2,1,28199,BlueWin
300,2,1,28374,BlueWin
300,2,1,9121,BlueWin
300,2,1,14712,BlueWin
300,2,1,9020,BlueWin
300,2,1,21951,BlueWin
300,2,1,29480,BlueWin
300,2,1,31796,RedWin
300,2,1,26210,BlueWin
300,2,1,19103,RedWin
300,2,1,6629,BlueWin
300,2,1,11239,BlueWin
300,2,1,26634,BlueWin
300,2,1,29750,BlueWin
300,2,1,10063,RedWin
300,2,2,27304,BlueWin
300,2,2,32042,RedWin
300,2,2,23681,BlueWin
300,2,2,19203,RedWin
300,2,2,20135,RedWin
300,2,2,22968,RedWin
300,2,2,23344,BlueWin
300,2,2,21460,BlueWin
300,2,2,14265,RedWin
300,2,2,24522,RedWin
300,2,2,18941,RedWin
300,2,2,7170,RedWin
300,2,2,29112,BlueWin
300,2,2,32061,RedWin
300,2,2,21763,RedWin
300,2,2,23740,RedWin
300,2,2,25762,RedWin
300,2,2,31074,RedWin
300,2,2,11838,Draw
300,2,2,32744,RedWin
300,2,2,31233,RedWin
300,2,2,415,RedWin
300,2,2,6427,RedWin
300,2,2,24224,BlueWin
300,2,2,5550,BlueWin
300,2,2,21754,RedWin
300,2,2,1867,RedWin
300,2,2,558,RedWin
300,2,2,17532,BlueWin
300,2,2,22226,BlueWin
300,2,2,6838,BlueWin
300,2,2,20831,BlueWin
300,2,2,14757,BlueWin
300,2,2,16337,BlueWin
300,2,2,19339,RedWin
300,2,2,4938,RedWin
300,2,2,30405,BlueWin
300,2,2,15800,BlueWin
300,2,2,7929,BlueWin
300,2,2,11489,RedWin
300,2,2,3980,RedWin
300,2,2,17956,RedWin
300,2,2,7331,BlueWin
300,2,2,12802,BlueWin
300,2,2,10025,BlueWin
300,2,2,2715,RedWin
300,2,2,992,BlueWin
300,2,2,1447,BlueWin
300,2,2,13565,RedWin
300,2,2,21771,RedWin
300,2,2,21238,BlueWin
300,2,2,9281,BlueWin
300,2,2,11223,BlueWin
300,2,2,23762,BlueWin
300,2,2,28254,BlueWin
300,2,2,28077,BlueWin
300,2,2,4107,BlueWin
300,2,2,27491,RedWin
300,2,2,26309,RedWin
300,2,2,14167,RedWin
300,2,2,22213,BlueWin
300,2,2,21754,RedWin
300,2,2,945,BlueWin
300,2,2,24382,RedWin
300,2,2,28413,RedWin
300,2,2,14913,RedWin
300,2,2,10229,BlueWin
300,2,2,26888,BlueWin
300,2,2,6024,RedWin
300,2,2,30910,BlueWin
300,2,2,15784,BlueWin
300,2,2,4117,RedWin
300,2,2,2865,BlueWin
300,2,2,20384,RedWin
300,2,2,14047,BlueWin
300,2,2,31463,BlueWin
300,2,2,25116,BlueWin
300,2,2,22501,RedWin
300,2,2,14033,BlueWin
300,2,2,22695,RedWin
300,2,2,25442,BlueWin
300,2,2,19153,BlueWin
300,2,2,30007,BlueWin
300,2,2,1178,BlueWin
300,2,2,9044,BlueWin
300,2,2,31257,BlueWin
300,2,2,4576,BlueWin
300,2,2,12894,BlueWin
300,2,2,14838,RedWin
300,2,2,30301,BlueWin
300,2,2,3164,RedWin
300,2,2,31886,BlueWin
300,2,2,25919,RedWin
300,2,2,14759,RedWin
300,2,2,16286,BlueWin
300,2,2,21464,RedWin
300,2,2,8365,RedWin
300,2,2,22188,RedWin
300,2,2,26059,RedWin
300,2,2,5870,BlueWin
